Date,Open,High,Low,Close,Adj Close,Volume,Symbol,Name,Industry,RS,150MA,MA150_Slope
2021-03-04,2.35,2.37,2.13,2.26,2.26,552300,YTRA,Yatra Online Inc,호텔 및 엔터테인먼트,,,
2021-03-05,2.25,2.25,2.0,2.1,2.1,772700,YTRA,Yatra Online Inc,호텔 및 엔터테인먼트,,,
2021-03-08,2.15,2.27,2.12,2.2,2.2,270900,YTRA,Yatra Online Inc,호텔 및 엔터테인먼트,,,
2021-03-09,2.25,2.34,2.235,2.29,2.29,150800,YTRA,Yatra Online Inc,호텔 및 엔터테인먼트,,,
2021-03-10,2.435,2.435,2.25,2.25,2.25,171100,YTRA,Yatra Online Inc,호텔 및 엔터테인먼트,,,
2021-03-11,2.31,2.35,2.285,2.34,2.34,277200,YTRA,Yatra Online Inc,호텔 및 엔터테인먼트,,,
2021-03-12,2.261,2.37,2.261,2.36,2.36,151100,YTRA,Yatra Online Inc,호텔 및 엔터테인먼트,,,
2021-03-15,2.43,2.59,2.42,2.52,2.52,647400,YTRA,Yatra Online Inc,호텔 및 엔터테인먼트,,,
2021-03-16,2.44,2.53,2.39,2.49,2.49,394200,YTRA,Yatra Online Inc,호텔 및 엔터테인먼트,,,
2021-03-17,2.44,2.52,2.41,2.51,2.51,246800,YTRA,Yatra Online Inc,호텔 및 엔터테인먼트,,,
2021-03-18,2.48,2.57,2.38,2.43,2.43,322000,YTRA,Yatra Online Inc,호텔 및 엔터테인먼트,,,
2021-03-19,2.45,2.53,2.33,2.48,2.48,1621000,YTRA,Yatra Online Inc,호텔 및 엔터테인먼트,,,
2021-03-22,2.55,2.55,2.41,2.5,2.5,199000,YTRA,Yatra Online Inc,호텔 및 엔터테인먼트,,,
2021-03-23,2.45,2.58,2.428,2.53,2.53,249500,YTRA,Yatra Online Inc,호텔 및 엔터테인먼트,,,
2021-03-24,2.54,2.54,2.36,2.4,2.4,424300,YTRA,Yatra Online Inc,호텔 및 엔터테인먼트,,,
2021-03-25,2.4,2.45,2.3,2.32,2.32,739500,YTRA,Yatra Online Inc,호텔 및 엔터테인먼트,,,
2021-03-26,2.33,2.45,2.32,2.39,2.39,639100,YTRA,Yatra Online Inc,호텔 및 엔터테인먼트,,,
2021-03-29,2.34,2.4,2.22,2.25,2.25,257500,YTRA,Yatra Online Inc,호텔 및 엔터테인먼트,,,
2021-03-30,2.22,2.36,2.11,2.3,2.3,203600,YTRA,Yatra Online Inc,호텔 및 엔터테인먼트,,,
2021-03-31,2.25,2.4,2.25,2.33,2.33,2288800,YTRA,Yatra Online Inc,호텔 및 엔터테인먼트,-2.7333082451869273,,
2021-04-01,2.4,2.49,2.37,2.47,2.47,187500,YTRA,Yatra Online Inc,호텔 및 엔터테인먼트,1.781618246562422,,
2021-04-05,2.5,2.55,2.38,2.52,2.52,260600,YTRA,Yatra Online Inc,호텔 및 엔터테인먼트,1.7625330924203375,,
2021-04-06,2.47,2.48,2.36,2.4,2.4,221000,YTRA,Yatra Online Inc,호텔 및 엔터테인먼트,-3.0957548895784837,,
2021-04-07,2.42,2.44,2.36,2.38,2.38,170600,YTRA,Yatra Online Inc,호텔 및 엔터테인먼트,-3.985144862238632,,
2021-04-08,2.5,2.85,2.4,2.82,2.82,1019500,YTRA,Yatra Online Inc,호텔 및 엔터테인먼트,12.260187224047069,,
2021-04-09,2.6,2.9,2.6,2.84,2.84,672000,YTRA,Yatra Online Inc,호텔 및 엔터테인먼트,11.338183696989756,,
2021-04-12,2.85,2.85,2.7,2.79,2.79,302300,YTRA,Yatra Online Inc,호텔 및 엔터테인먼트,8.718461844185121,,
2021-04-13,2.82,2.85,2.63,2.63,2.63,228100,YTRA,Yatra Online Inc,호텔 및 엔터테인먼트,2.1464362567869655,,
2021-04-14,2.63,2.76,2.63,2.72,2.72,214100,YTRA,Yatra Online Inc,호텔 및 엔터테인먼트,5.8109668136793635,,
2021-04-15,2.75,2.8,2.49,2.5,2.5,281800,YTRA,Yatra Online Inc,호텔 및 엔터테인먼트,-3.5658258194860792,,
2021-04-16,2.49,2.499,2.34,2.36,2.36,252100,YTRA,Yatra Online Inc,호텔 및 엔터테인먼트,-8.87745825857824,,
2021-04-19,2.34,2.4,2.22,2.27,2.27,331800,YTRA,Yatra Online Inc,호텔 및 엔터테인먼트,-11.250061394906108,,
2021-04-20,2.23,2.264,2.13,2.17,2.17,267200,YTRA,Yatra Online Inc,호텔 및 엔터테인먼트,-13.809697371802843,,
2021-04-21,2.15,2.285,2.15,2.22,2.22,193000,YTRA,Yatra Online Inc,호텔 및 엔터테인먼트,-11.803612093340575,,
2021-04-22,2.2,2.26,2.05,2.08,2.08,378900,YTRA,Yatra Online Inc,호텔 및 엔터테인먼트,-15.801071203046712,,
2021-04-23,2.08,2.15,2.08,2.1,2.1,231900,YTRA,Yatra Online Inc,호텔 및 엔터테인먼트,-15.264746051604428,,
2021-04-26,2.12,2.21,2.1,2.13,2.13,260100,YTRA,Yatra Online Inc,호텔 및 엔터테인먼트,-13.531254070185527,,
2021-04-27,2.14,2.19,2.07,2.16,2.16,240600,YTRA,Yatra Online Inc,호텔 및 엔터테인먼트,-11.915100905425223,,
2021-04-28,2.16,2.19,2.1,2.12,2.12,229400,YTRA,Yatra Online Inc,호텔 및 엔터테인먼트,-12.921344155637938,,
2021-04-29,2.15,2.17,2.03,2.04,2.04,295200,YTRA,Yatra Online Inc,호텔 및 엔터테인먼트,-16.033800888216497,,
2021-04-30,2.04,2.09,1.96,2.05,2.05,520900,YTRA,Yatra Online Inc,호텔 및 엔터테인먼트,-14.08623812584655,,
2021-05-03,2.05,2.08,1.97,1.98,1.98,273800,YTRA,Yatra Online Inc,호텔 및 엔터테인먼트,-16.17718281728646,,
2021-05-04,1.99,1.99,1.91,1.98,1.98,186900,YTRA,Yatra Online Inc,호텔 및 엔터테인먼트,-14.753575171477639,,
2021-05-05,2.0,2.1,1.94,2.09,2.09,229300,YTRA,Yatra Online Inc,호텔 및 엔터테인먼트,-9.416198229075468,,
2021-05-06,2.06,2.09,1.87,1.96,1.96,473900,YTRA,Yatra Online Inc,호텔 및 엔터테인먼트,-14.016270299893652,,
2021-05-07,1.97,2.04,1.94,2.03,2.03,180900,YTRA,Yatra Online Inc,호텔 및 엔터테인먼트,-9.867453945153127,,
2021-05-10,2.02,2.02,1.9,1.91,1.91,275400,YTRA,Yatra Online Inc,호텔 및 엔터테인먼트,-12.493401829707052,,
2021-05-11,1.91,1.95,1.78,1.89,1.89,303900,YTRA,Yatra Online Inc,호텔 및 엔터테인먼트,-11.118483073903318,,
2021-05-12,1.88,1.91,1.75,1.8,1.8,574200,YTRA,Yatra Online Inc,호텔 및 엔터테인먼트,-11.628143084134058,,
2021-05-13,1.79,1.85,1.75,1.82,1.82,191100,YTRA,Yatra Online Inc,호텔 및 엔터테인먼트,-10.317366777810289,,
2021-05-14,1.81,2.02,1.81,1.98,1.98,256900,YTRA,Yatra Online Inc,호텔 및 엔터테인먼트,-2.987789764966986,,
2021-05-17,1.94,2.02,1.9,1.98,1.98,60800,YTRA,Yatra Online Inc,호텔 및 엔터테인먼트,-2.0439948024933985,,
2021-05-18,1.99,2.175,1.99,2.12,2.12,289300,YTRA,Yatra Online Inc,호텔 및 엔터테인먼트,5.905425932407593,,
2021-05-19,2.09,2.09,1.965,2.0,2.0,134300,YTRA,Yatra Online Inc,호텔 및 엔터테인먼트,0.6831539286639376,,
2021-05-20,2.02,2.1,1.98,2.04,2.04,312000,YTRA,Yatra Online Inc,호텔 및 엔터테인먼트,1.7563584226249818,,
2021-05-21,2.12,2.15,2.055,2.14,2.14,216600,YTRA,Yatra Online Inc,호텔 및 엔터테인먼트,6.689116250697857,,
2021-05-24,2.14,2.14,2.03,2.07,2.07,98000,YTRA,Yatra Online Inc,호텔 및 엔터테인먼트,2.350178998476604,,
2021-05-25,2.08,2.107,1.99,2.03,2.03,132100,YTRA,Yatra Online Inc,호텔 및 엔터테인먼트,0.9130046844617157,,
2021-05-26,2.02,2.12,2.0,2.09,2.09,143900,YTRA,Yatra Online Inc,호텔 및 엔터테인먼트,3.7949955381172185,,
2021-05-27,2.1,2.14,2.09,2.1,2.1,76000,YTRA,Yatra Online Inc,호텔 및 엔터테인먼트,4.002228162159094,,
2021-05-28,2.1,2.13,2.075,2.11,2.11,162600,YTRA,Yatra Online Inc,호텔 및 엔터테인먼트,4.29138485587468,,
2021-06-01,2.16,2.17,2.1,2.14,2.14,133300,YTRA,Yatra Online Inc,호텔 및 엔터테인먼트,5.420791384920842,,
2021-06-02,2.16,2.16,2.08,2.14,2.14,174600,YTRA,Yatra Online Inc,호텔 및 엔터테인먼트,4.908943829947199,,
2021-06-03,2.12,2.14,2.09,2.11,2.11,61900,YTRA,Yatra Online Inc,호텔 및 엔터테인먼트,3.796248775184208,,
2021-06-04,2.11,2.133,2.08,2.08,2.08,85500,YTRA,Yatra Online Inc,호텔 및 엔터테인먼트,1.1610375148511043,,
2021-06-07,2.11,2.14,2.09,2.1,2.1,153700,YTRA,Yatra Online Inc,호텔 및 엔터테인먼트,2.0341134824733764,,
2021-06-08,2.11,2.25,2.08,2.24,2.24,245500,YTRA,Yatra Online Inc,호텔 및 엔터테인먼트,7.998125699158987,,
2021-06-09,2.28,2.29,2.21,2.26,2.26,184800,YTRA,Yatra Online Inc,호텔 및 엔터테인먼트,8.274259411880646,,
2021-06-10,2.25,2.25,2.163,2.19,2.19,135300,YTRA,Yatra Online Inc,호텔 및 엔터테인먼트,3.663684360465891,,
2021-06-11,2.2,2.3,2.176,2.28,2.28,244200,YTRA,Yatra Online Inc,호텔 및 엔터테인먼트,6.705039132036861,,
2021-06-14,2.29,2.29,2.25,2.26,2.26,98300,YTRA,Yatra Online Inc,호텔 및 엔터테인먼트,4.985337049304928,,
2021-06-15,2.28,2.29,2.22,2.24,2.24,78300,YTRA,Yatra Online Inc,호텔 및 엔터테인먼트,3.7339486903684715,,
2021-06-16,2.22,2.37,2.22,2.36,2.36,219400,YTRA,Yatra Online Inc,호텔 및 엔터테인먼트,9.397572915810981,,
2021-06-17,2.45,2.64,2.45,2.63,2.63,633300,YTRA,Yatra Online Inc,호텔 및 엔터테인먼트,20.352404900573774,,
2021-06-18,2.511,2.615,2.47,2.55,2.55,228000,YTRA,Yatra Online Inc,호텔 및 엔터테인먼트,16.871194360904962,,
2021-06-21,2.54,2.54,2.4,2.47,2.47,155200,YTRA,Yatra Online Inc,호텔 및 엔터테인먼트,10.90327630045671,,
2021-06-22,2.45,2.48,2.38,2.44,2.44,85800,YTRA,Yatra Online Inc,호텔 및 엔터테인먼트,8.16268940836926,,
2021-06-23,2.44,2.58,2.43,2.55,2.55,133300,YTRA,Yatra Online Inc,호텔 및 엔터테인먼트,11.934615212971146,,
2021-06-24,2.59,2.59,2.46,2.5,2.5,105400,YTRA,Yatra Online Inc,호텔 및 엔터테인먼트,8.220490023519655,,
2021-06-25,2.5,2.53,2.41,2.47,2.47,117000,YTRA,Yatra Online Inc,호텔 및 엔터테인먼트,5.81341945492202,,
2021-06-28,2.46,2.46,2.3,2.31,2.31,244600,YTRA,Yatra Online Inc,호텔 및 엔터테인먼트,-1.5987283167720134,,
2021-06-29,2.32,2.35,2.29,2.29,2.29,68100,YTRA,Yatra Online Inc,호텔 및 엔터테인먼트,-2.6938120098552676,,
2021-06-30,2.28,2.298,2.25,2.26,2.26,51500,YTRA,Yatra Online Inc,호텔 및 엔터테인먼트,-4.247394349870026,,
2021-07-01,2.29,2.29,2.16,2.18,2.18,165500,YTRA,Yatra Online Inc,호텔 및 엔터테인먼트,-8.1283488248469,,
2021-07-02,2.2,2.21,2.17,2.21,2.21,84800,YTRA,Yatra Online Inc,호텔 및 엔터테인먼트,-7.692116418916872,,
2021-07-06,2.2,2.2,2.13,2.13,2.13,109600,YTRA,Yatra Online Inc,호텔 및 엔터테인먼트,-10.800804417505827,,
2021-07-07,2.15,2.15,2.033,2.12,2.12,91700,YTRA,Yatra Online Inc,호텔 및 엔터테인먼트,-11.165770796960361,,
2021-07-08,2.04,2.12,2.03,2.09,2.09,121700,YTRA,Yatra Online Inc,호텔 및 엔터테인먼트,-11.246053352190478,,
2021-07-09,2.1,2.135,2.09,2.125,2.125,68300,YTRA,Yatra Online Inc,호텔 및 엔터테인먼트,-10.517459617461322,,
2021-07-12,2.13,2.15,2.08,2.08,2.08,130600,YTRA,Yatra Online Inc,호텔 및 엔터테인먼트,-12.209562151171294,,
2021-07-13,2.08,2.1,2.05,2.08,2.08,117100,YTRA,Yatra Online Inc,호텔 및 엔터테인먼트,-11.448561764557951,,
2021-07-14,2.07,2.11,2.05,2.05,2.05,266200,YTRA,Yatra Online Inc,호텔 및 엔터테인먼트,-12.347663356292093,,
2021-07-15,2.06,2.1,1.98,1.98,1.98,86600,YTRA,Yatra Online Inc,호텔 및 엔터테인먼트,-14.224332292558229,,
2021-07-16,1.98,1.99,1.92,1.925,1.925,95900,YTRA,Yatra Online Inc,호텔 및 엔터테인먼트,-14.53616865682299,,
2021-07-19,1.9,1.92,1.81,1.86,1.86,148600,YTRA,Yatra Online Inc,호텔 및 엔터테인먼트,-14.653589568417058,,
2021-07-20,1.88,2.0,1.86,1.99,1.99,81000,YTRA,Yatra Online Inc,호텔 및 엔터테인먼트,-8.946386153605857,,
2021-07-21,1.98,2.0,1.86,1.94,1.94,117700,YTRA,Yatra Online Inc,호텔 및 엔터테인먼트,-10.817445188442143,,
2021-07-22,1.95,1.96,1.91,1.95,1.95,51600,YTRA,Yatra Online Inc,호텔 및 엔터테인먼트,-9.130042938907323,,
2021-07-23,1.95,1.95,1.8,1.9,1.9,262400,YTRA,Yatra Online Inc,호텔 및 엔터테인먼트,-10.941874477932034,,
2021-07-26,1.88,1.912,1.85,1.89,1.89,73800,YTRA,Yatra Online Inc,호텔 및 엔터테인먼트,-10.232335353397403,,
2021-07-27,1.93,1.94,1.82,1.87,1.87,187000,YTRA,Yatra Online Inc,호텔 및 엔터테인먼트,-9.684935482482581,,
2021-07-28,1.89,1.94,1.888,1.94,1.94,108000,YTRA,Yatra Online Inc,호텔 및 엔터테인먼트,-5.353852163932393,,
2021-07-29,1.97,1.97,1.88,1.89,1.89,69800,YTRA,Yatra Online Inc,호텔 및 엔터테인먼트,-7.201136159538812,,
2021-07-30,1.9,1.91,1.859,1.87,1.87,30600,YTRA,Yatra Online Inc,호텔 및 엔터테인먼트,-6.88420099741024,,
2021-08-02,1.91,1.93,1.868,1.9,1.9,30100,YTRA,Yatra Online Inc,호텔 및 엔터테인먼트,-4.43459939229659,,
2021-08-03,1.93,1.93,1.85,1.9,1.9,98000,YTRA,Yatra Online Inc,호텔 및 엔터테인먼트,-4.571769109535218,,
2021-08-04,1.87,1.92,1.86,1.88,1.88,139000,YTRA,Yatra Online Inc,호텔 및 엔터테인먼트,-4.506422549992939,,
2021-08-05,1.9,1.98,1.89,1.97,1.97,67100,YTRA,Yatra Online Inc,호텔 및 엔터테인먼트,-0.09752108860721087,,
2021-08-06,1.97,1.97,1.901,1.92,1.92,47500,YTRA,Yatra Online Inc,호텔 및 엔터테인먼트,-2.207865689180899,,
2021-08-09,1.94,1.94,1.88,1.91,1.91,47200,YTRA,Yatra Online Inc,호텔 및 엔터테인먼트,-2.1451642503763524,,
2021-08-10,1.92,1.93,1.88,1.92,1.92,24000,YTRA,Yatra Online Inc,호텔 및 엔터테인먼트,-1.2447668289156666,,
2021-08-11,1.95,2.2,1.87,1.92,1.92,1007400,YTRA,Yatra Online Inc,호텔 및 엔터테인먼트,-0.9586932583969143,,
2021-08-12,1.91,1.98,1.88,1.92,1.92,58000,YTRA,Yatra Online Inc,호텔 및 엔터테인먼트,-1.0989552965012805,,
2021-08-13,1.9,1.906,1.86,1.87,1.87,42500,YTRA,Yatra Online Inc,호텔 및 엔터테인먼트,-3.5372421062165538,,
2021-08-16,1.88,1.9,1.73,1.78,1.78,263000,YTRA,Yatra Online Inc,호텔 및 엔터테인먼트,-8.00185094644954,,
2021-08-17,1.75,1.76,1.68,1.7,1.7,122700,YTRA,Yatra Online Inc,호텔 및 엔터테인먼트,-10.704102482039445,,
2021-08-18,1.68,1.765,1.65,1.7,1.7,66600,YTRA,Yatra Online Inc,호텔 및 엔터테인먼트,-9.110096859330808,,
2021-08-19,1.73,1.77,1.67,1.76,1.76,76500,YTRA,Yatra Online Inc,호텔 및 엔터테인먼트,-5.497765797841458,,
2021-08-20,1.712,1.79,1.71,1.77,1.77,39700,YTRA,Yatra Online Inc,호텔 및 엔터테인먼트,-5.368300926974512,,
2021-08-23,1.8,1.84,1.785,1.83,1.83,29000,YTRA,Yatra Online Inc,호텔 및 엔터테인먼트,-2.769694203568951,,
2021-08-24,1.84,1.95,1.835,1.93,1.93,113900,YTRA,Yatra Online Inc,호텔 및 엔터테인먼트,2.3251873218569807,,
2021-08-25,1.95,1.97,1.91,1.95,1.95,56000,YTRA,Yatra Online Inc,호텔 및 엔터테인먼트,3.2442544297099696,,
2021-08-26,1.93,1.933,1.83,1.88,1.88,59000,YTRA,Yatra Online Inc,호텔 및 엔터테인먼트,0.20596062864948195,,
2021-08-27,1.94,1.957,1.85,1.9,1.9,140600,YTRA,Yatra Online Inc,호텔 및 엔터테인먼트,0.4370197639100182,,
2021-08-30,1.92,1.94,1.81,1.83,1.83,83800,YTRA,Yatra Online Inc,호텔 및 엔터테인먼트,-3.344020530921632,,
2021-08-31,1.85,1.89,1.83,1.87,1.87,80000,YTRA,Yatra Online Inc,호텔 및 엔터테인먼트,-0.9072427975553299,,
2021-09-01,1.86,1.93,1.84,1.9,1.9,71600,YTRA,Yatra Online Inc,호텔 및 엔터테인먼트,0.7360972682047162,,
2021-09-02,1.89,1.94,1.88,1.92,1.92,108000,YTRA,Yatra Online Inc,호텔 및 엔터테인먼트,1.7714925317758645,,
2021-09-03,1.93,1.99,1.91,1.98,1.98,173000,YTRA,Yatra Online Inc,호텔 및 엔터테인먼트,4.93918819435144,,
2021-09-07,2.02,2.025,1.9,1.99,1.99,213400,YTRA,Yatra Online Inc,호텔 및 엔터테인먼트,5.709868227041226,,
2021-09-08,2.0,2.02,1.94,1.99,1.99,157000,YTRA,Yatra Online Inc,호텔 및 엔터테인먼트,5.746674095422066,,
2021-09-09,2.0,2.067,1.95,2.05,2.05,113600,YTRA,Yatra Online Inc,호텔 및 엔터테인먼트,9.12442570540868,,
2021-09-10,2.02,2.12,2.02,2.12,2.12,165900,YTRA,Yatra Online Inc,호텔 및 엔터테인먼트,13.119132033269088,,
2021-09-13,2.11,2.12,1.91,1.98,1.98,363200,YTRA,Yatra Online Inc,호텔 및 엔터테인먼트,5.102150920170034,,
2021-09-14,2.0,2.0,1.91,1.97,1.97,223100,YTRA,Yatra Online Inc,호텔 및 엔터테인먼트,4.604516866351593,,
2021-09-15,1.97,1.97,1.91,1.93,1.93,246800,YTRA,Yatra Online Inc,호텔 및 엔터테인먼트,1.040800445738399,,
2021-09-16,1.94,2.085,1.92,2.06,2.06,406700,YTRA,Yatra Online Inc,호텔 및 엔터테인먼트,7.083234052915999,,
2021-09-17,2.07,2.08,1.91,2.0,2.0,1176600,YTRA,Yatra Online Inc,호텔 및 엔터테인먼트,4.29338448336134,,
2021-09-20,2.0,2.0,1.93,1.98,1.98,163800,YTRA,Yatra Online Inc,호텔 및 엔터테인먼트,4.359769510680334,,
2021-09-21,2.0,2.03,1.97,2.01,2.01,83500,YTRA,Yatra Online Inc,호텔 및 엔터테인먼트,5.384476126527704,,
2021-09-22,2.02,2.04,1.97,2.01,2.01,99600,YTRA,Yatra Online Inc,호텔 및 엔터테인먼트,4.069200282376206,,
2021-09-23,2.01,2.08,2.01,2.04,2.04,191600,YTRA,Yatra Online Inc,호텔 및 엔터테인먼트,4.062094469609745,,
2021-09-24,2.03,2.05,1.99,2.0,2.0,208400,YTRA,Yatra Online Inc,호텔 및 엔터테인먼트,1.5466850807427823,,
2021-09-27,1.98,2.03,1.95,2.01,2.01,88800,YTRA,Yatra Online Inc,호텔 및 엔터테인먼트,1.980492135997336,,
2021-09-28,1.99,2.02,1.94,1.95,1.95,60200,YTRA,Yatra Online Inc,호텔 및 엔터테인먼트,0.49539648492058497,,
2021-09-29,1.96,2.01,1.91,1.95,1.95,77700,YTRA,Yatra Online Inc,호텔 및 엔터테인먼트,-0.04134499181795981,,
2021-09-30,1.94,2.03,1.94,2.02,2.02,93100,YTRA,Yatra Online Inc,호텔 및 엔터테인먼트,4.224697742424199,,
2021-10-01,2.02,2.03,1.96,2.03,2.03,191200,YTRA,Yatra Online Inc,호텔 및 엔터테인먼트,3.0614339484209108,,
2021-10-04,2.02,2.02,1.965,2.0,2.0,127200,YTRA,Yatra Online Inc,호텔 및 엔터테인먼트,2.550975011416612,,
2021-10-05,1.99,2.02,1.99,2.01,2.01,122100,YTRA,Yatra Online Inc,호텔 및 엔터테인먼트,1.7406174896951399,2.1266000000000003,
2021-10-06,1.98,1.99,1.9,1.93,1.93,622600,YTRA,Yatra Online Inc,호텔 및 엔터테인먼트,-2.7235132189134537,2.1244,-0.001100000000000101
2021-10-07,1.92,1.98,1.91,1.93,1.93,41600,YTRA,Yatra Online Inc,호텔 및 엔터테인먼트,-3.3372642030335298,2.123266666666667,-0.0005666666666666043
2021-10-08,1.95,1.984,1.91,1.98,1.98,54700,YTRA,Yatra Online Inc,호텔 및 엔터테인먼트,-0.37287254788682667,2.1218,-0.0007333333333334746
2021-10-11,1.98,2.0,1.95,2.0,2.0,46200,YTRA,Yatra Online Inc,호텔 및 엔터테인먼트,1.155813771351788,2.1198666666666663,-0.0009666666666667822
2021-10-12,1.98,2.0,1.97,1.99,1.99,74800,YTRA,Yatra Online Inc,호텔 및 엔터테인먼트,0.7381741059997893,2.118133333333333,-0.0008666666666665712
2021-10-13,1.98,2.0,1.951,1.99,1.99,76500,YTRA,Yatra Online Inc,호텔 및 엔터테인먼트,0.15570096864288008,2.1158,-0.0011666666666665382
2021-10-14,2.0,2.0,1.95,2.0,2.0,62100,YTRA,Yatra Online Inc,호텔 및 엔터테인먼트,-0.9227191949986779,2.1134,-0.0012000000000000899
2021-10-15,2.0,2.02,1.97,1.99,1.99,159400,YTRA,Yatra Online Inc,호텔 및 엔터테인먼트,-2.082341985585412,2.109866666666667,-0.001766666666666472
2021-10-18,2.0,2.03,1.96,1.98,1.98,135300,YTRA,Yatra Online Inc,호텔 및 엔터테인먼트,-2.7626191279097823,2.1064666666666665,-0.0017000000000002569
2021-10-19,1.97,2.04,1.954,2.02,2.02,255700,YTRA,Yatra Online Inc,호텔 및 엔터테인먼트,-1.3667108346556711,2.1032,-0.0016333333333331534
2021-10-20,2.01,2.02,1.98,2.01,2.01,261100,YTRA,Yatra Online Inc,호텔 및 엔터테인먼트,-2.0601730156709075,2.1004,-0.0014000000000000679
2021-10-21,2.01,2.05,2.01,2.03,2.03,123700,YTRA,Yatra Online Inc,호텔 및 엔터테인먼트,-1.2462385188261482,2.0974,-0.0015000000000000568
2021-10-22,2.03,2.04,2.0,2.01,2.01,159300,YTRA,Yatra Online Inc,호텔 및 엔터테인먼트,-2.0423047160310737,2.094133333333333,-0.0016333333333333755
2021-10-25,2.02,2.06,2.019,2.03,2.03,81900,YTRA,Yatra Online Inc,호텔 및 엔터테인먼트,-1.449540631842272,2.0908,-0.0016666666666664831
2021-10-26,2.03,2.11,2.02,2.09,2.09,213600,YTRA,Yatra Online Inc,호텔 및 엔터테인먼트,1.1797577458420472,2.088733333333333,-0.0010333333333336636
2021-10-27,2.07,2.19,2.06,2.175,2.175,193400,YTRA,Yatra Online Inc,호텔 및 엔터테인먼트,5.472604657664726,2.0877666666666665,-0.0004833333333331691
2021-10-28,2.2,2.35,2.13,2.28,2.28,345800,YTRA,Yatra Online Inc,호텔 및 엔터테인먼트,9.161794465108475,2.0870333333333333,-0.0003666666666666263
2021-10-29,2.27,2.4,2.24,2.35,2.35,429600,YTRA,Yatra Online Inc,호텔 및 엔터테인먼트,11.748895252368241,2.0877,0.0003333333333332966
2021-11-01,2.4,2.42,2.4,2.415,2.415,289700,YTRA,Yatra Online Inc,호텔 및 엔터테인먼트,13.905351793509869,2.0884666666666667,0.00038333333333340214
2021-11-02,2.42,2.42,2.33,2.35,2.35,106800,YTRA,Yatra Online Inc,호텔 및 엔터테인먼트,9.895504542416589,2.0886,6.666666666665932e-05
2021-11-03,2.36,2.36,2.295,2.32,2.32,112900,YTRA,Yatra Online Inc,호텔 및 엔터테인먼트,7.1522666290771975,2.0876,-0.0004999999999999449
2021-11-04,2.31,2.52,2.279,2.45,2.45,217800,YTRA,Yatra Online Inc,호텔 및 엔터테인먼트,11.66564829209904,2.0871333333333335,-0.00023333333333330764
2021-11-05,2.5,2.64,2.5,2.61,2.61,300400,YTRA,Yatra Online Inc,호텔 및 엔터테인먼트,17.206605630706374,2.0885333333333334,0.0006999999999999229
2021-11-08,2.64,2.69,2.48,2.52,2.52,187500,YTRA,Yatra Online Inc,호텔 및 엔터테인먼트,12.14922477080398,2.0894666666666666,0.00046666666666661527
2021-11-09,2.52,2.58,2.45,2.52,2.52,189800,YTRA,Yatra Online Inc,호텔 및 엔터테인먼트,11.603581809245389,2.087466666666667,-0.0009999999999998899
2021-11-10,2.49,2.52,2.431,2.51,2.51,400300,YTRA,Yatra Online Inc,호텔 및 엔터테인먼트,11.112709549242217,2.0852666666666666,-0.001100000000000101
2021-11-11,2.49,2.51,2.45,2.48,2.48,45800,YTRA,Yatra Online Inc,호텔 및 엔터테인먼트,8.797806913500628,2.0831999999999997,-0.0010333333333334416
2021-11-12,2.46,2.5,2.37,2.42,2.42,168700,YTRA,Yatra Online Inc,호텔 및 엔터테인먼트,4.638899565015131,2.0818,-0.0006999999999999229
2021-11-15,2.4,2.55,2.348,2.43,2.43,123700,YTRA,Yatra Online Inc,호텔 및 엔터테인먼트,4.25345059893536,2.0798666666666668,-0.0009666666666665602
2021-11-16,2.43,2.43,2.348,2.38,2.38,96000,YTRA,Yatra Online Inc,호텔 및 엔터테인먼트,1.112381931414208,2.079066666666667,-0.00039999999999995595
2021-11-17,2.42,2.45,2.28,2.3,2.3,150300,YTRA,Yatra Online Inc,호텔 및 엔터테인먼트,-2.493396603173903,2.078666666666667,-0.00019999999999997797
2021-11-18,2.28,2.28,2.06,2.13,2.13,206000,YTRA,Yatra Online Inc,호텔 및 엔터테인먼트,-10.063822797923228,2.0777333333333337,-0.00046666666666661527
2021-11-19,2.13,2.23,2.13,2.14,2.14,107900,YTRA,Yatra Online Inc,호텔 및 엔터테인먼트,-9.634066922703022,2.0775333333333332,-0.00010000000000021103
2021-11-22,2.13,2.161,2.08,2.12,2.12,166100,YTRA,Yatra Online Inc,호텔 및 엔터테인먼트,-10.264139755881907,2.076866666666667,-0.0003333333333330746
2021-11-23,2.18,2.18,2.06,2.1,2.1,191500,YTRA,Yatra Online Inc,호텔 및 엔터테인먼트,-11.17714885193626,2.0769999999999995,6.666666666621524e-05
2021-11-24,2.12,2.25,2.11,2.25,2.25,115300,YTRA,Yatra Online Inc,호텔 및 엔터테인먼트,-5.05732760328047,2.078,0.000500000000000167
2021-11-26,2.12,2.15,2.04,2.08,2.08,286100,YTRA,Yatra Online Inc,호텔 및 엔터테인먼트,-9.802136878436762,2.077666666666667,-0.00016666666666642627
2021-11-29,2.13,2.15,2.07,2.14,2.14,219000,YTRA,Yatra Online Inc,호텔 및 엔터테인먼트,-7.945453899221066,2.0775333333333332,-6.666666666688137e-05
2021-11-30,2.09,2.09,2.0,2.01,2.01,129800,YTRA,Yatra Online Inc,호텔 및 엔터테인먼트,-11.124890441375435,2.0768,-0.0003666666666666263
2021-12-01,2.04,2.07,1.95,1.95,1.95,142800,YTRA,Yatra Online Inc,호텔 및 엔터테인먼트,-12.077551990552383,2.0761999999999996,-0.000300000000000189
2021-12-02,1.96,2.03,1.91,1.92,1.92,167300,YTRA,Yatra Online Inc,호텔 및 엔터테인먼트,-13.956231586053768,2.0753333333333335,-0.00043333333333306356
2021-12-03,1.95,1.98,1.86,1.87,1.87,145900,YTRA,Yatra Online Inc,호텔 및 엔터테인먼트,-14.505582680584128,2.0745999999999998,-0.00036666666666684833
2021-12-06,2.02,2.03,1.85,1.93,1.93,110800,YTRA,Yatra Online Inc,호텔 및 엔터테인먼트,-11.544044712028356,2.0742666666666665,-0.0001666666666666483
2021-12-07,1.96,2.02,1.91,1.95,1.95,154900,YTRA,Yatra Online Inc,호텔 및 엔터테인먼트,-11.321626363518744,2.0733333333333333,-0.00046666666666661527
2021-12-08,1.81,1.97,1.81,1.9,1.9,108400,YTRA,Yatra Online Inc,호텔 및 엔터테인먼트,-12.616076356924788,2.0729333333333333,-0.00019999999999997797
2021-12-09,1.9,1.938,1.85,1.85,1.85,71300,YTRA,Yatra Online Inc,호텔 및 엔터테인먼트,-12.946867121591366,2.0717333333333334,-0.0005999999999999339
2021-12-10,1.92,1.98,1.87,1.89,1.89,96700,YTRA,Yatra Online Inc,호텔 및 엔터테인먼트,-10.606954200419704,2.0715999999999997,-6.666666666688137e-05
2021-12-13,1.93,1.93,1.79,1.81,1.81,196600,YTRA,Yatra Online Inc,호텔 및 엔터테인먼트,-12.340214095621526,2.0710666666666664,-0.0002666666666666373
2021-12-14,1.79,1.84,1.76,1.8,1.8,137800,YTRA,Yatra Online Inc,호텔 및 엔터테인먼트,-10.853100747411304,2.0710666666666664,0.0
2021-12-15,1.8,1.85,1.75,1.83,1.83,75200,YTRA,Yatra Online Inc,호텔 및 엔터테인먼트,-9.603848696482942,2.071133333333333,3.333333333332966e-05
2021-12-16,1.84,1.84,1.76,1.79,1.79,92400,YTRA,Yatra Online Inc,호텔 및 엔터테인먼트,-9.674089167431832,2.069866666666667,-0.0006333333333330415
2021-12-17,1.79,1.793,1.7,1.73,1.73,141500,YTRA,Yatra Online Inc,호텔 및 엔터테인먼트,-10.972725941408024,2.0682,-0.0008333333333334636
2021-12-20,1.77,1.83,1.705,1.78,1.78,243700,YTRA,Yatra Online Inc,호텔 및 엔터테인먼트,-6.613381150042774,2.065933333333333,-0.0011333333333334306
2021-12-21,1.78,1.81,1.72,1.75,1.75,180000,YTRA,Yatra Online Inc,호텔 및 엔터테인먼트,-8.958646626465205,2.0642666666666667,-0.0008333333333332416
2021-12-22,1.8,1.99,1.74,1.85,1.85,551900,YTRA,Yatra Online Inc,호텔 및 엔터테인먼트,-4.102378425768816,2.0629999999999997,-0.0006333333333334856
2021-12-23,1.87,1.87,1.72,1.74,1.74,172900,YTRA,Yatra Online Inc,호텔 및 엔터테인먼트,-9.141458249885225,2.0603333333333333,-0.0013333333333331865
2021-12-27,1.76,1.8,1.68,1.75,1.75,187900,YTRA,Yatra Online Inc,호텔 및 엔터테인먼트,-8.88349106298728,2.0582000000000003,-0.0010666666666665492
2021-12-28,1.79,1.79,1.72,1.73,1.73,73200,YTRA,Yatra Online Inc,호텔 및 엔터테인먼트,-8.715070544339842,2.0562,-0.001000000000000112
2021-12-29,1.71,1.73,1.64,1.69,1.69,134200,YTRA,Yatra Online Inc,호텔 및 엔터테인먼트,-9.955375164440705,2.053533333333333,-0.0013333333333334085
2021-12-30,1.71,1.765,1.68,1.72,1.72,169700,YTRA,Yatra Online Inc,호텔 및 엔터테인먼트,-7.227409853043043,2.051,-0.0012666666666665272
2021-12-31,1.7,1.8,1.69,1.73,1.73,119500,YTRA,Yatra Online Inc,호텔 및 엔터테인먼트,-5.75602912862665,2.0484666666666667,-0.0012666666666667492
2022-01-03,1.72,1.75,1.68,1.725,1.725,129700,YTRA,Yatra Online Inc,호텔 및 엔터테인먼트,-5.983988033472032,2.0457,-0.001383333333333292
2022-01-04,1.74,1.75,1.72,1.73,1.73,42900,YTRA,Yatra Online Inc,호텔 및 엔터테인먼트,-4.913501410778154,2.0429666666666666,-0.0013666666666667382
2022-01-05,1.75,1.774,1.678,1.69,1.69,49400,YTRA,Yatra Online Inc,호텔 및 엔터테인먼트,-4.56426927619451,2.040166666666667,-0.0013999999999998458
2022-01-06,1.69,1.74,1.66,1.69,1.69,64900,YTRA,Yatra Online Inc,호텔 및 엔터테인먼트,-3.9075423538227683,2.0375666666666667,-0.0013000000000000789
2022-01-07,1.68,1.77,1.661,1.7,1.7,95500,YTRA,Yatra Online Inc,호텔 및 엔터테인먼트,-2.517892964907764,2.0349,-0.0013333333333334085
2022-01-10,1.72,1.72,1.68,1.7,1.7,26000,YTRA,Yatra Online Inc,호텔 및 엔터테인먼트,-1.8891335007369614,2.0313,-0.0018000000000000238
2022-01-11,1.69,1.74,1.68,1.7,1.7,55400,YTRA,Yatra Online Inc,호텔 및 엔터테인먼트,-2.425062637427633,2.0275666666666665,-0.0018666666666666831
2022-01-12,1.71,1.759,1.7,1.74,1.74,50900,YTRA,Yatra Online Inc,호텔 및 엔터테인먼트,-0.13591225308728916,2.024566666666667,-0.0014999999999998348
2022-01-13,1.75,1.98,1.75,1.88,1.88,206200,YTRA,Yatra Online Inc,호텔 및 엔터테인먼트,9.236416914034628,2.0218999999999996,-0.0013333333333336306
2022-01-14,1.92,1.92,1.75,1.75,1.75,88700,YTRA,Yatra Online Inc,호텔 및 엔터테인먼트,1.71103765042806,2.0185,-0.0016999999999998128
2022-01-18,1.74,1.775,1.7,1.74,1.74,62000,YTRA,Yatra Online Inc,호텔 및 엔터테인먼트,2.944089217350343,2.0151666666666666,-0.0016666666666667052
2022-01-19,1.72,1.89,1.72,1.87,1.87,756800,YTRA,Yatra Online Inc,호텔 및 엔터테인먼트,11.372685160044993,2.0119,-0.0016333333333333755
2022-01-20,1.9,2.0,1.885,1.96,1.96,227300,YTRA,Yatra Online Inc,호텔 및 엔터테인먼트,17.074437874085667,2.007433333333333,-0.0022333333333333094
2022-01-21,1.94,1.94,1.76,1.8,1.8,252600,YTRA,Yatra Online Inc,호텔 및 엔터테인먼트,9.365068914283725,2.0024333333333333,-0.0024999999999999467
2022-01-24,1.72,1.77,1.625,1.72,1.72,152000,YTRA,Yatra Online Inc,호텔 및 엔터테인먼트,3.912623456052655,1.9974333333333334,-0.0024999999999999467
2022-01-25,1.68,1.74,1.65,1.72,1.72,57500,YTRA,Yatra Online Inc,호텔 및 엔터테인먼트,4.780363820605027,1.9926333333333333,-0.0024000000000000687
2022-01-26,1.7,1.74,1.65,1.65,1.65,136700,YTRA,Yatra Online Inc,호텔 및 엔터테인먼트,0.4285405866195635,1.9866333333333335,-0.0029999999999998916
2022-01-27,1.66,1.69,1.63,1.65,1.65,289600,YTRA,Yatra Online Inc,호텔 및 엔터테인먼트,0.5889921027578682,1.9809666666666665,-0.0028333333333334654
2022-01-28,1.65,1.68,1.58,1.65,1.65,102400,YTRA,Yatra Online Inc,호텔 및 엔터테인먼트,-1.961920968919284,1.9755000000000003,-0.0027333333333331433
2022-01-31,1.66,1.78,1.654,1.76,1.76,102200,YTRA,Yatra Online Inc,호텔 및 엔터테인먼트,2.274827228543441,1.9718333333333335,-0.0018333333333333535
2022-02-01,1.7,1.77,1.69,1.74,1.74,28500,YTRA,Yatra Online Inc,호텔 및 엔터테인먼트,0.12028544050424195,1.9681666666666668,-0.0018333333333333535
2022-02-02,1.75,1.755,1.73,1.73,1.73,46600,YTRA,Yatra Online Inc,호텔 및 엔터테인먼트,-1.590990504103118,1.9646333333333332,-0.0017666666666668052
2022-02-03,1.72,1.73,1.68,1.685,1.685,44200,YTRA,Yatra Online Inc,호텔 및 엔터테인먼트,-1.9694330518416736,1.9613333333333332,-0.0016500000000000403
2022-02-04,1.68,1.71,1.63,1.67,1.67,16300,YTRA,Yatra Online Inc,호텔 및 엔터테인먼트,-3.481251336116775,1.9577333333333335,-0.0017999999999998018
2022-02-07,1.66,1.7,1.65,1.67,1.67,33300,YTRA,Yatra Online Inc,호텔 및 엔터테인먼트,-3.2354938365497965,1.954666666666667,-0.0015333333333332755
2022-02-08,1.65,1.72,1.628,1.68,1.68,19300,YTRA,Yatra Online Inc,호텔 및 엔터테인먼트,-3.5616649510725296,1.9517333333333333,-0.0014666666666668382
2022-02-09,1.69,1.79,1.68,1.77,1.77,149500,YTRA,Yatra Online Inc,호텔 및 엔터테인먼트,-0.17516673556920992,1.9496,-0.0010666666666666602
2022-02-10,1.77,1.8,1.77,1.78,1.78,74300,YTRA,Yatra Online Inc,호텔 및 엔터테인먼트,1.8845077451508319,1.9472999999999998,-0.0011500000000000954
2022-02-11,1.78,1.795,1.71,1.77,1.77,81200,YTRA,Yatra Online Inc,호텔 및 엔터테인먼트,3.3102951818683612,1.9452333333333336,-0.0010333333333331085
2022-02-14,1.79,1.8,1.722,1.8,1.8,55100,YTRA,Yatra Online Inc,호텔 및 엔터테인먼트,5.010990182293229,1.9433666666666667,-0.0009333333333334526
2022-02-15,1.83,1.87,1.8,1.87,1.87,65400,YTRA,Yatra Online Inc,호텔 및 엔터테인먼트,6.878658625999279,1.9421666666666666,-0.0006000000000000449
2022-02-16,1.87,1.87,1.77,1.8,1.8,30400,YTRA,Yatra Online Inc,호텔 및 엔터테인먼트,2.922969159159128,1.9409666666666665,-0.0006000000000000449
2022-02-17,1.8,2.0,1.785,1.85,1.85,506200,YTRA,Yatra Online Inc,호텔 및 엔터테인먼트,8.2763116388074,1.9404666666666666,-0.00024999999999997247
2022-02-18,1.8,1.84,1.7,1.78,1.78,190600,YTRA,Yatra Online Inc,호텔 및 엔터테인먼트,4.931066929220029,1.9399333333333333,-0.0002666666666666373
2022-02-22,1.74,1.78,1.685,1.72,1.72,149600,YTRA,Yatra Online Inc,호텔 및 엔터테인먼트,2.307842904444879,1.9381333333333335,-0.0008999999999999009
2022-02-23,1.75,1.75,1.7,1.73,1.73,55400,YTRA,Yatra Online Inc,호텔 및 엔터테인먼트,4.637236272515177,1.9367333333333332,-0.000700000000000145
2022-02-24,1.73,1.73,1.63,1.67,1.67,106300,YTRA,Yatra Online Inc,호텔 및 엔터테인먼트,-0.6083153007024888,1.9348666666666667,-0.0009333333333332305
2022-02-25,1.75,1.75,1.65,1.75,1.75,104200,YTRA,Yatra Online Inc,호텔 및 엔터테인먼트,1.6435210844343073,1.9338666666666666,-0.000500000000000056
2022-02-28,1.75,1.79,1.66,1.74,1.74,82100,YTRA,Yatra Online Inc,호텔 및 엔터테인먼트,0.9821961198754892,1.9328666666666667,-0.0004999999999999449
2022-03-01,1.773,1.773,1.65,1.7,1.7,81800,YTRA,Yatra Online Inc,호텔 및 엔터테인먼트,0.147707233194172,1.9317333333333333,-0.0005666666666667153
2022-03-02,1.69,1.726,1.66,1.71,1.71,32300,YTRA,Yatra Online Inc,호텔 및 엔터테인먼트,-1.1960582323013336,1.9302,-0.0007666666666666933
2022-03-03,1.71,1.71,1.65,1.67,1.67,50400,YTRA,Yatra Online Inc,호텔 및 엔터테인먼트,-3.068349161114192,1.9287333333333334,-0.0007333333333332526
2022-03-04,1.65,1.655,1.54,1.56,1.56,156500,YTRA,Yatra Online Inc,호텔 및 엔터테인먼트,-8.544079817187134,1.9266666666666667,-0.0010333333333333306
2022-03-07,1.58,1.58,1.46,1.48,1.48,88800,YTRA,Yatra Online Inc,호텔 및 엔터테인먼트,-10.381519323131883,1.9238666666666666,-0.0014000000000000679
2022-03-08,1.53,1.575,1.49,1.53,1.53,42400,YTRA,Yatra Online Inc,호텔 및 엔터테인먼트,-6.612271731034614,1.9213999999999998,-0.0012333333333334195
2022-03-09,1.56,1.56,1.48,1.5,1.5,136000,YTRA,Yatra Online Inc,호텔 및 엔터테인먼트,-10.499045462813628,1.9188666666666665,-0.0012666666666666382
2022-03-10,1.5,1.5,1.47,1.495,1.495,39900,YTRA,Yatra Online Inc,호텔 및 엔터테인먼트,-10.012312217904828,1.9156999999999997,-0.001583333333333381
2022-03-11,1.49,1.57,1.474,1.5,1.5,85200,YTRA,Yatra Online Inc,호텔 및 엔터테인먼트,-8.07293033261316,1.9129,-0.0013999999999998458
2022-03-14,1.52,1.53,1.38,1.46,1.46,69500,YTRA,Yatra Online Inc,호텔 및 엔터테인먼트,-9.262491201723734,1.9099000000000002,-0.0014999999999999458
2022-03-15,1.42,1.6,1.4,1.46,1.46,125400,YTRA,Yatra Online Inc,호텔 및 엔터테인먼트,-10.3926529396292,1.9068333333333332,-0.0015333333333334975
2022-03-16,1.48,1.6,1.477,1.55,1.55,82700,YTRA,Yatra Online Inc,호텔 및 엔터테인먼트,-6.183914741984942,1.9043666666666668,-0.0012333333333331975
2022-03-17,1.57,1.67,1.51,1.64,1.64,77000,YTRA,Yatra Online Inc,호텔 및 엔터테인먼트,-1.5513616356995885,1.9025,-0.0009333333333333416
2022-03-18,1.64,1.67,1.59,1.66,1.66,41300,YTRA,Yatra Online Inc,호텔 및 엔터테인먼트,-0.8375645955984501,1.9011000000000002,-0.0006999999999999229
2022-03-21,1.66,1.66,1.59,1.62,1.62,16000,YTRA,Yatra Online Inc,호텔 및 엔터테인먼트,-2.5853922210487545,1.9000333333333332,-0.0005333333333334966
2022-03-22,1.62,1.7,1.6,1.7,1.7,68200,YTRA,Yatra Online Inc,호텔 및 엔터테인먼트,1.3919808175110182,1.9000333333333332,0.0
2022-03-23,1.7,1.7,1.63,1.7,1.7,33500,YTRA,Yatra Online Inc,호텔 및 엔터테인먼트,3.0390102619632264,1.9000333333333332,0.0
2022-03-24,1.7,1.7,1.64,1.69,1.69,32600,YTRA,Yatra Online Inc,호텔 및 엔터테인먼트,1.1964199720114754,1.8995666666666666,-0.00023333333333330764
2022-03-25,1.84,2.0,1.81,1.91,1.91,1447900,YTRA,Yatra Online Inc,호텔 및 엔터테인먼트,13.466317655051574,1.9004999999999999,0.00046666666666661527
2022-03-28,1.83,1.87,1.71,1.71,1.71,349800,YTRA,Yatra Online Inc,호텔 및 엔터테인먼트,1.193214202075077,1.8997,-0.00039999999999995595
2022-03-29,1.7,1.85,1.66,1.75,1.75,225600,YTRA,Yatra Online Inc,호텔 및 엔터테인먼트,2.541482163376285,1.8984999999999999,-0.0006000000000000449
2022-03-30,1.77,1.81,1.75,1.8,1.8,65700,YTRA,Yatra Online Inc,호텔 및 엔터테인먼트,6.121000420717704,1.8975,-0.0004999999999999449
2022-03-31,1.81,2.02,1.75,1.98,1.98,248100,YTRA,Yatra Online Inc,호텔 및 엔터테인먼트,17.721669738107913,1.8981666666666663,0.0003333333333331856
2022-04-01,2.0,2.0,1.82,1.89,1.89,328100,YTRA,Yatra Online Inc,호텔 및 엔터테인먼트,11.159518461414963,1.8981000000000001,-3.333333333310762e-05
2022-04-04,1.88,1.99,1.845,1.93,1.93,327500,YTRA,Yatra Online Inc,호텔 및 엔터테인먼트,11.573905838882892,1.8987666666666667,0.0003333333333332966
2022-04-05,1.91,1.99,1.85,1.94,1.94,217400,YTRA,Yatra Online Inc,호텔 및 엔터테인먼트,12.654308876266395,1.8992333333333333,0.00023333333333330764
2022-04-06,1.93,1.93,1.83,1.85,1.85,110900,YTRA,Yatra Online Inc,호텔 및 엔터테인먼트,7.602850642829773,1.8988999999999998,-0.00016666666666675933
2022-04-07,1.86,1.9,1.731,1.76,1.76,174200,YTRA,Yatra Online Inc,호텔 및 엔터테인먼트,1.4044376477602816,1.897833333333333,-0.0005333333333333856
2022-04-08,1.74,1.78,1.65,1.66,1.66,124000,YTRA,Yatra Online Inc,호텔 및 엔터테인먼트,-4.2652354572098705,1.8957000000000002,-0.0010666666666664382
2022-04-11,1.68,1.73,1.67,1.71,1.71,42100,YTRA,Yatra Online Inc,호텔 및 엔터테인먼트,-0.17540537083076124,1.8938333333333333,-0.0009333333333334526
2022-04-12,1.75,1.779,1.64,1.68,1.68,78700,YTRA,Yatra Online Inc,호텔 및 엔터테인먼트,-2.0886899732945663,1.8917666666666666,-0.0010333333333333306
2022-04-13,1.64,1.72,1.6,1.67,1.67,151400,YTRA,Yatra Online Inc,호텔 및 엔터테인먼트,-3.9917774795628524,1.8892333333333333,-0.0012666666666666382
2022-04-14,1.668,1.7,1.63,1.63,1.63,55600,YTRA,Yatra Online Inc,호텔 및 엔터테인먼트,-5.131349879112412,1.8859666666666666,-0.0016333333333333755
2022-04-18,1.61,1.634,1.56,1.6,1.6,26100,YTRA,Yatra Online Inc,호텔 및 엔터테인먼트,-6.767591351404034,1.8834333333333333,-0.0012666666666666382
2022-04-19,1.57,1.675,1.57,1.67,1.67,60600,YTRA,Yatra Online Inc,호텔 및 엔터테인먼트,-4.362658411787146,1.881433333333333,-0.001000000000000112
2022-04-20,1.7,1.79,1.62,1.76,1.76,141800,YTRA,Yatra Online Inc,호텔 및 엔터테인먼트,0.6241788346613708,1.8802999999999996,-0.0005666666666667153
2022-04-21,1.76,1.8,1.66,1.705,1.705,29900,YTRA,Yatra Online Inc,호텔 및 엔터테인먼트,-1.1434970631350683,1.8779333333333332,-0.001183333333333203
2022-04-22,1.74,1.8,1.68,1.74,1.74,93700,YTRA,Yatra Online Inc,호텔 및 엔터테인먼트,3.324097080669941,1.8761999999999996,-0.0008666666666667933
2022-04-25,1.7,1.77,1.602,1.7,1.7,145400,YTRA,Yatra Online Inc,호텔 및 엔터테인먼트,0.6925347154878025,1.8743333333333336,-0.0009333333333330085
2022-04-26,1.67,1.737,1.67,1.68,1.68,22300,YTRA,Yatra Online Inc,호텔 및 엔터테인먼트,2.0179648967026287,1.8721333333333336,-0.0010999999999999899
2022-04-27,1.67,1.72,1.646,1.69,1.69,32600,YTRA,Yatra Online Inc,호텔 및 엔터테인먼트,2.072828477236488,1.87,-0.0010666666666667712
2022-04-28,1.73,1.76,1.66,1.74,1.74,75600,YTRA,Yatra Online Inc,호텔 및 엔터테인먼트,2.364241475841178,1.8679999999999999,-0.001000000000000112
2022-04-29,1.74,1.8,1.73,1.74,1.74,46900,YTRA,Yatra Online Inc,호텔 및 엔터테인먼트,6.432225833730021,1.8662666666666667,-0.0008666666666665712
2022-05-02,1.81,1.81,1.73,1.8,1.8,53800,YTRA,Yatra Online Inc,호텔 및 엔터테인먼트,9.240622981820955,1.864866666666667,-0.0006999999999999229
2022-05-03,1.8,1.8,1.727,1.79,1.79,28100,YTRA,Yatra Online Inc,호텔 및 엔터테인먼트,8.008115748098167,1.8638,-0.0005333333333334966
2022-05-04,1.77,1.782,1.74,1.76,1.76,40300,YTRA,Yatra Online Inc,호텔 및 엔터테인먼트,3.37159632741999,1.8625333333333334,-0.0006333333333332636
2022-05-05,1.702,1.8,1.65,1.7,1.7,84600,YTRA,Yatra Online Inc,호텔 및 엔터테인먼트,3.576525449078405,1.8604,-0.0010666666666666602
2022-05-06,1.65,1.675,1.62,1.62,1.62,23100,YTRA,Yatra Online Inc,호텔 및 엔터테인먼트,-0.7568821656763647,1.8576666666666666,-0.0013666666666667382
2022-05-09,1.61,1.72,1.51,1.65,1.65,100300,YTRA,Yatra Online Inc,호텔 및 엔터테인먼트,3.855189975109763,1.855333333333333,-0.0011666666666667602
2022-05-10,1.65,1.65,1.52,1.61,1.61,91800,YTRA,Yatra Online Inc,호텔 및 엔터테인먼트,0.9006653251892205,1.8526666666666665,-0.0013333333333332975
2022-05-11,1.65,1.65,1.46,1.5,1.5,60600,YTRA,Yatra Online Inc,호텔 및 엔터테인먼트,-4.409271191189834,1.8497999999999999,-0.0014333333333332865
2022-05-12,1.54,1.54,1.32,1.52,1.52,209500,YTRA,Yatra Online Inc,호텔 및 엔터테인먼트,-3.1449513604570156,1.8470666666666664,-0.0013666666666667382
2022-05-13,1.56,1.56,1.45,1.53,1.53,43400,YTRA,Yatra Online Inc,호텔 및 엔터테인먼트,-4.889568405539347,1.8440666666666667,-0.0014999999999998348
2022-05-16,1.55,1.55,1.48,1.49,1.49,17800,YTRA,Yatra Online Inc,호텔 및 엔터테인먼트,-7.095482665463648,1.840666666666667,-0.0016999999999999238
2022-05-17,1.54,1.54,1.48,1.5,1.5,28600,YTRA,Yatra Online Inc,호텔 및 엔터테인먼트,-8.236211083501876,1.8374000000000001,-0.0016333333333333755
2022-05-18,1.49,1.51,1.42,1.42,1.42,46200,YTRA,Yatra Online Inc,호텔 및 엔터테인먼트,-9.100970798247499,1.8335999999999997,-0.0019000000000002348
2022-05-19,1.427,1.49,1.422,1.49,1.49,23300,YTRA,Yatra Online Inc,호텔 및 엔터테인먼트,-3.9869676637618534,1.8301999999999998,-0.0016999999999999238
2022-05-20,1.5,1.522,1.46,1.48,1.48,92900,YTRA,Yatra Online Inc,호텔 및 엔터테인먼트,-4.308911679168636,1.8268,-0.0016999999999999238
2022-05-23,1.5,1.59,1.49,1.57,1.57,71200,YTRA,Yatra Online Inc,호텔 및 엔터테인먼트,-0.3313647063591274,1.8240666666666667,-0.0013666666666666272
2022-05-24,1.53,1.56,1.5,1.5,1.5,48700,YTRA,Yatra Online Inc,호텔 및 엔터테인먼트,-3.73074495037351,1.8205999999999998,-0.0017333333333334755
2022-05-25,1.56,1.69,1.53,1.69,1.69,142100,YTRA,Yatra Online Inc,호텔 및 엔터테인먼트,7.165488451668267,1.8184666666666665,-0.0010666666666666602
2022-05-26,1.68,1.77,1.56,1.73,1.73,234500,YTRA,Yatra Online Inc,호텔 및 엔터테인먼트,7.285738211281667,1.816466666666667,-0.0009999999999997788
2022-05-27,1.75,1.84,1.745,1.79,1.79,163300,YTRA,Yatra Online Inc,호텔 및 엔터테인먼트,8.198966207707038,1.8149999999999997,-0.0007333333333335856
2022-05-31,1.73,1.82,1.73,1.79,1.79,90900,YTRA,Yatra Online Inc,호텔 및 엔터테인먼트,8.881925510156297,1.8134,-0.0007999999999999119
2022-06-01,1.8,1.82,1.75,1.81,1.81,37000,YTRA,Yatra Online Inc,호텔 및 엔터테인먼트,10.752632635772684,1.8115333333333334,-0.0009333333333332305
2022-06-02,1.8,1.97,1.8,1.97,1.97,231400,YTRA,Yatra Online Inc,호텔 및 엔터테인먼트,17.442385217030896,1.810166666666667,-0.0006833333333332581
2022-06-03,1.93,1.94,1.7,1.89,1.89,292600,YTRA,Yatra Online Inc,호텔 및 엔터테인먼트,13.836039985952553,1.8075666666666665,-0.00130000000000019
2022-06-06,1.88,1.97,1.815,1.96,1.96,101400,YTRA,Yatra Online Inc,호텔 및 엔터테인먼트,16.491297517496093,1.8049666666666666,-0.0012999999999999678
2022-06-07,1.95,1.97,1.93,1.96,1.96,62800,YTRA,Yatra Online Inc,호텔 및 엔터테인먼트,14.583020162790783,1.8019333333333334,-0.0015166666666666107
2022-06-08,1.94,2.0,1.94,1.96,1.96,97800,YTRA,Yatra Online Inc,호텔 및 엔터테인먼트,14.80259970800477,1.7993333333333332,-0.0013000000000000789
2022-06-09,1.99,1.99,1.93,1.96,1.96,108400,YTRA,Yatra Online Inc,호텔 및 엔터테인먼트,16.10876486116308,1.796933333333333,-0.0012000000000000899
2022-06-10,1.92,2.08,1.92,1.99,1.99,233800,YTRA,Yatra Online Inc,호텔 및 엔터테인먼트,19.66346456198127,1.7938666666666665,-0.0015333333333332755
2022-06-13,1.98,1.983,1.93,1.94,1.94,117000,YTRA,Yatra Online Inc,호텔 및 엔터테인먼트,19.440518100429816,1.7893999999999999,-0.0022333333333333094
2022-06-14,1.93,1.96,1.92,1.95,1.95,123200,YTRA,Yatra Online Inc,호텔 및 엔터테인먼트,18.456363708160506,1.7855999999999999,-0.0019000000000000128
2022-06-15,1.93,1.98,1.92,1.967,1.967,74000,YTRA,Yatra Online Inc,호텔 및 엔터테인먼트,15.771974831376646,1.7819133333333335,-0.001843333333333197
2022-06-16,1.96,1.96,1.92,1.96,1.96,147900,YTRA,Yatra Online Inc,호텔 및 엔터테인먼트,16.984224351072097,1.7782466666666668,-0.0018333333333333535
2022-06-17,1.95,1.97,1.921,1.97,1.97,207500,YTRA,Yatra Online Inc,호텔 및 엔터테인먼트,15.377248380380681,1.774846666666667,-0.0016999999999999238
2022-06-21,1.94,1.98,1.94,1.96,1.96,44700,YTRA,Yatra Online Inc,호텔 및 엔터테인먼트,10.371157896871042,1.77178,-0.0015333333333334975
2022-06-22,1.958,2.06,1.94,2.01,2.01,147700,YTRA,Yatra Online Inc,호텔 및 엔터테인먼트,11.682822304495444,1.7689799999999998,-0.0014000000000000679
2022-06-23,2.04,2.06,1.99,2.06,2.06,102600,YTRA,Yatra Online Inc,호텔 및 엔터테인먼트,11.491860354634941,1.7668466666666667,-0.0010666666666665492
2022-06-24,2.05,2.17,2.05,2.135,2.135,131500,YTRA,Yatra Online Inc,호텔 및 엔터테인먼트,10.747309008853101,1.7657466666666664,-0.0005500000000001615
2022-06-27,2.13,2.36,2.13,2.26,2.26,125100,YTRA,Yatra Online Inc,호텔 및 엔터테인먼트,15.782078501717734,1.7666133333333331,0.00043333333333339663
2022-06-28,2.25,2.25,2.131,2.2,2.2,184600,YTRA,Yatra Online Inc,호텔 및 엔터테인먼트,13.380346993750436,1.7670133333333335,0.00020000000000020002
2022-06-29,2.2,2.24,2.15,2.22,2.22,81600,YTRA,Yatra Online Inc,호텔 및 엔터테인먼트,12.846345041735251,1.76768,0.0003333333333331856
2022-06-30,2.19,2.27,2.18,2.25,2.25,97700,YTRA,Yatra Online Inc,호텔 및 엔터테인먼트,13.692944386179406,1.76868,0.000500000000000056
2022-07-01,2.26,2.38,2.221,2.38,2.38,107400,YTRA,Yatra Online Inc,호텔 및 엔터테인먼트,17.317098014512577,1.7695466666666668,0.00043333333333339663
2022-07-05,2.38,2.387,2.231,2.36,2.36,74100,YTRA,Yatra Online Inc,호텔 및 엔터테인먼트,14.464300793613827,1.7714133333333333,0.0009333333333332305
2022-07-06,2.35,2.35,2.2,2.23,2.23,104700,YTRA,Yatra Online Inc,호텔 및 엔터테인먼트,6.738585610132297,1.7720133333333334,0.000300000000000078
2022-07-07,2.22,2.37,2.169,2.31,2.31,106900,YTRA,Yatra Online Inc,호텔 및 엔터테인먼트,7.739575768482743,1.7740133333333334,0.0010000000000000009
2022-07-08,2.3,2.4,2.28,2.365,2.365,39300,YTRA,Yatra Online Inc,호텔 및 엔터테인먼트,9.102758331416316,1.77678,0.001383333333333292
2022-07-11,2.28,2.39,2.265,2.3,2.3,75200,YTRA,Yatra Online Inc,호텔 및 엔터테인먼트,6.300442987973587,1.7793133333333333,0.0012666666666666382
2022-07-12,1.9,2.32,1.9,2.29,2.29,38400,YTRA,Yatra Online Inc,호텔 및 엔터테인먼트,5.980689383353965,1.7821133333333334,0.0014000000000000679
2022-07-13,2.3,2.32,2.27,2.295,2.295,67500,YTRA,Yatra Online Inc,호텔 및 엔터테인먼트,5.8803223468409715,1.7845466666666667,0.0012166666666666437
2022-07-14,2.31,2.32,2.24,2.31,2.31,16700,YTRA,Yatra Online Inc,호텔 및 엔터테인먼트,6.079651714919154,1.7869466666666665,0.0011999999999998678
2022-07-15,2.285,2.39,2.25,2.32,2.32,70500,YTRA,Yatra Online Inc,호텔 및 엔터테인먼트,3.7950969420394998,1.789746666666667,0.00140000000000029
2022-07-18,2.34,2.44,2.31,2.33,2.33,39300,YTRA,Yatra Online Inc,호텔 및 엔터테인먼트,4.4564952163739235,1.7929466666666667,0.0015999999999998238
2022-07-19,2.32,2.399,2.31,2.38,2.38,30600,YTRA,Yatra Online Inc,호텔 및 엔터테인먼트,3.2223324349378357,1.7962133333333334,0.0016333333333333755
2022-07-20,2.38,2.45,2.38,2.4,2.4,231800,YTRA,Yatra Online Inc,호텔 및 엔터테인먼트,2.730150796517261,1.8001466666666666,0.001966666666666561
2022-07-21,2.4,2.456,2.35,2.456,2.456,110700,YTRA,Yatra Online Inc,호텔 및 엔터테인먼트,3.4032950702390874,1.80452,0.00218666666666667
2022-07-22,2.45,2.47,2.4,2.47,2.47,115100,YTRA,Yatra Online Inc,호텔 및 엔터테인먼트,4.263485395059341,1.808786666666667,0.0021333333333335425
2022-07-25,2.5,2.57,2.488,2.56,2.56,124800,YTRA,Yatra Online Inc,호텔 및 엔터테인먼트,7.029672180295066,1.8139200000000002,0.002566666666666606
2022-07-26,2.57,2.6,2.47,2.51,2.51,48300,YTRA,Yatra Online Inc,호텔 및 엔터테인먼트,5.63334428184068,1.81912,0.0025999999999999357
2022-07-27,2.52,2.56,2.501,2.54,2.54,36200,YTRA,Yatra Online Inc,호텔 및 엔터테인먼트,3.695538007473509,1.8241866666666666,0.0025333333333332764
2022-07-28,2.56,2.58,2.48,2.55,2.55,47400,YTRA,Yatra Online Inc,호텔 및 엔터테인먼트,2.4784644455047466,1.82952,0.002666666666666706
2022-07-29,2.47,2.59,2.47,2.55,2.55,103600,YTRA,Yatra Online Inc,호텔 및 엔터테인먼트,0.8530725766470182,1.8341866666666666,0.0023333333333332984
2022-08-01,2.57,2.59,2.5,2.57,2.57,102100,YTRA,Yatra Online Inc,호텔 및 엔터테인먼트,1.9166442634152014,1.8397199999999998,0.002766666666666584
2022-08-02,2.52,2.58,2.5,2.5,2.5,66800,YTRA,Yatra Online Inc,호텔 및 엔터테인먼트,-0.1544351306069891,1.8447199999999997,0.0024999999999999467
2022-08-03,2.51,2.58,2.491,2.52,2.52,35800,YTRA,Yatra Online Inc,호텔 및 엔터테인먼트,-1.119527067163939,1.8499866666666667,0.0026333333333334874
2022-08-04,2.51,2.533,2.471,2.51,2.51,48600,YTRA,Yatra Online Inc,호텔 및 엔터테인먼트,-1.53664340508759,1.8554533333333336,0.0027333333333334764
2022-08-05,2.47,2.525,2.47,2.5,2.5,50900,YTRA,Yatra Online Inc,호텔 및 엔터테인먼트,-1.7420389881236953,1.8606533333333335,0.0025999999999999357
2022-08-08,2.49,2.58,2.48,2.53,2.53,91300,YTRA,Yatra Online Inc,호텔 및 엔터테인먼트,-0.5562704840067156,1.865986666666667,0.002666666666666706
2022-08-09,2.54,2.58,2.3,2.56,2.56,129000,YTRA,Yatra Online Inc,호텔 및 엔터테인먼트,0.8772366915936969,1.8715533333333334,0.002783333333333249
2022-08-10,2.58,2.6,2.51,2.594,2.594,55100,YTRA,Yatra Online Inc,호텔 및 엔터테인먼트,-0.015010975664042636,1.8773133333333332,0.0028799999999998827
2022-08-11,2.7,3.0,2.7,2.82,2.82,514700,YTRA,Yatra Online Inc,호텔 및 엔터테인먼트,8.238577674913694,1.8848466666666666,0.003766666666666696
2022-08-12,2.9,3.0,2.75,2.94,2.94,255800,YTRA,Yatra Online Inc,호텔 및 엔터테인먼트,10.155034495674364,1.8931799999999999,0.004166666666666652
2022-08-15,2.83,2.93,2.78,2.8,2.8,102100,YTRA,Yatra Online Inc,호텔 및 엔터테인먼트,4.132581714238692,1.9005133333333333,0.003666666666666707
2022-08-16,2.83,2.89,2.77,2.87,2.87,113800,YTRA,Yatra Online Inc,호텔 및 엔터테인먼트,6.010310719085754,1.9083133333333335,0.0039000000000001256
2022-08-17,2.87,2.879,2.795,2.81,2.81,55800,YTRA,Yatra Online Inc,호텔 및 엔터테인먼트,4.125387605983799,1.9157133333333336,0.0037000000000000366
2022-08-18,2.8,3.0,2.8,2.86,2.86,85900,YTRA,Yatra Online Inc,호텔 및 엔터테인먼트,5.292266782213062,1.9231800000000001,0.0037333333333332552
2022-08-19,2.79,2.84,2.75,2.76,2.76,43300,YTRA,Yatra Online Inc,호텔 및 엔터테인먼트,2.7018606367633202,1.9290466666666668,0.0029333333333333433
2022-08-22,2.77,2.83,2.75,2.76,2.76,125900,YTRA,Yatra Online Inc,호텔 및 엔터테인먼트,4.769377732081126,1.93578,0.003366666666666629
2022-08-23,2.75,2.85,2.75,2.758,2.758,70700,YTRA,Yatra Online Inc,호텔 및 엔터테인먼트,4.699120832934267,1.9425666666666666,0.0033933333333332483
2022-08-24,2.75,2.85,2.75,2.84,2.84,106200,YTRA,Yatra Online Inc,호텔 및 엔터테인먼트,7.040601343972619,1.9490333333333334,0.0032333333333334213
2022-08-25,2.84,2.9,2.8,2.9,2.9,32900,YTRA,Yatra Online Inc,호텔 및 엔터테인먼트,7.243751463917247,1.9553,0.0031333333333333213
2022-08-26,2.9,2.91,2.772,2.86,2.86,23000,YTRA,Yatra Online Inc,호텔 및 엔터테인먼트,8.713594378671319,1.9623666666666668,0.0035333333333333883
2022-08-29,2.85,2.9,2.79,2.87,2.87,46100,YTRA,Yatra Online Inc,호텔 및 엔터테인먼트,9.085063475652877,1.9700333333333333,0.0038333333333332442
2022-08-30,2.75,2.884,2.75,2.75,2.75,151000,YTRA,Yatra Online Inc,호텔 및 엔터테인먼트,5.055317246154378,1.9769,0.0034333333333333993
2022-08-31,2.76,2.9,2.75,2.77,2.77,28500,YTRA,Yatra Online Inc,호텔 및 엔터테인먼트,5.895915417745523,1.9843666666666664,0.003733333333333144
2022-09-01,2.76,2.85,2.75,2.83,2.83,70400,YTRA,Yatra Online Inc,호텔 및 엔터테인먼트,6.985907234118982,1.9922333333333333,0.003933333333333455
2022-09-02,2.77,2.95,2.77,2.91,2.91,129600,YTRA,Yatra Online Inc,호텔 및 엔터테인먼트,10.061756227495033,2.000633333333333,0.0041999999999998705
2022-09-06,2.93,2.989,2.76,2.89,2.89,137500,YTRA,Yatra Online Inc,호텔 및 엔터테인먼트,8.719050583195553,2.0081666666666664,0.003766666666666696
2022-09-07,2.77,2.9,2.77,2.79,2.79,58500,YTRA,Yatra Online Inc,호텔 및 엔터테인먼트,2.4639075477860706,2.015166666666667,0.0035000000000002807
2022-09-08,2.77,2.86,2.76,2.77,2.77,41800,YTRA,Yatra Online Inc,호텔 및 엔터테인먼트,0.5081041905100392,2.0221,0.003466666666666507
2022-09-09,2.75,2.795,2.72,2.73,2.73,138500,YTRA,Yatra Online Inc,호텔 및 엔터테인먼트,-2.4398468178102872,2.0290666666666666,0.0034833333333332828
2022-09-12,2.77,2.77,2.66,2.69,2.69,50800,YTRA,Yatra Online Inc,호텔 및 엔터테인먼트,-4.651210452404719,2.0358666666666667,0.0034000000000000696
2022-09-13,2.64,2.752,2.63,2.67,2.67,52400,YTRA,Yatra Online Inc,호텔 및 엔터테인먼트,-1.2798348909385582,2.042533333333333,0.0033333333333331883
2022-09-14,2.75,2.77,2.67,2.72,2.72,43800,YTRA,Yatra Online Inc,호텔 및 엔터테인먼트,0.06446750702953086,2.049466666666667,0.003466666666666951
2022-09-15,2.67,2.91,2.67,2.91,2.91,93900,YTRA,Yatra Online Inc,호텔 및 엔터테인먼트,7.589114793026752,2.0570666666666666,0.0037999999999998035
2022-09-16,2.91,2.91,2.77,2.9,2.9,72800,YTRA,Yatra Online Inc,호텔 및 엔터테인먼트,7.367277896150237,2.0645333333333333,0.0037333333333333663
2022-09-19,2.85,2.85,2.67,2.69,2.69,60300,YTRA,Yatra Online Inc,호텔 및 엔터테인먼트,-1.347905060012422,2.0706666666666664,0.003066666666666551
2022-09-20,2.68,2.75,2.645,2.7,2.7,66600,YTRA,Yatra Online Inc,호텔 및 엔터테인먼트,-0.08971128029898745,2.0766666666666667,0.0030000000000001137
2022-09-21,2.668,2.74,2.63,2.69,2.69,66600,YTRA,Yatra Online Inc,호텔 및 엔터테인먼트,0.9727805560928005,2.082133333333333,0.0027333333333332543
2022-09-22,2.72,2.72,2.61,2.67,2.67,97700,YTRA,Yatra Online Inc,호텔 및 엔터테인먼트,0.8971438524618236,2.0879333333333334,0.0029000000000001247
2022-09-23,2.611,2.62,1.88,2.27,2.27,600900,YTRA,Yatra Online Inc,호텔 및 엔터테인먼트,-12.24089458745744,2.090733333333333,0.0013999999999998458
2022-09-26,2.01,2.16,2.0,2.11,2.11,193400,YTRA,Yatra Online Inc,호텔 및 엔터테인먼트,-16.816745867555273,2.0929333333333333,0.001100000000000101
2022-09-27,2.11,2.235,2.07,2.15,2.15,74100,YTRA,Yatra Online Inc,호텔 및 엔터테인먼트,-14.302920950304765,2.0958,0.0014333333333333975
2022-09-28,2.15,2.2,2.02,2.13,2.13,42000,YTRA,Yatra Online Inc,호텔 및 엔터테인먼트,-16.02288439684243,2.098466666666667,0.0013333333333334085
2022-09-29,2.13,2.19,2.01,2.17,2.17,75200,YTRA,Yatra Online Inc,호텔 및 엔터테인먼트,-11.925905851879492,2.1018,0.0016666666666664831
2022-09-30,2.13,2.25,2.08,2.23,2.23,46700,YTRA,Yatra Online Inc,호텔 및 엔터테인먼트,-7.480836406904034,2.105,0.0016000000000000458
2022-10-03,2.2,2.23,2.11,2.215,2.215,70000,YTRA,Yatra Online Inc,호텔 및 엔터테인먼트,-9.483377907006352,2.1081666666666665,0.00158333333333327
2022-10-04,2.17,2.27,2.16,2.27,2.27,46000,YTRA,Yatra Online Inc,호텔 및 엔터테인먼트,-9.026793348200524,2.111966666666667,0.0019000000000002348
2022-10-05,2.2,2.6,2.2,2.565,2.565,194600,YTRA,Yatra Online Inc,호텔 및 엔터테인먼트,3.18420155731971,2.117666666666667,0.002850000000000019
2022-10-06,2.5,2.55,2.35,2.4,2.4,55300,YTRA,Yatra Online Inc,호텔 및 엔터테인먼트,-2.077745922414953,2.122533333333333,0.0024333333333330653
2022-10-07,2.4,2.4,2.25,2.33,2.33,21300,YTRA,Yatra Online Inc,호텔 및 엔터테인먼트,-1.9625494202640925,2.127666666666667,0.002566666666666828
2022-10-10,2.25,2.273,2.2,2.2,2.2,25400,YTRA,Yatra Online Inc,호텔 및 엔터테인먼트,-6.408148841695461,2.1324666666666667,0.0023999999999999577
2022-10-11,2.22,2.36,2.13,2.2,2.2,27600,YTRA,Yatra Online Inc,호텔 및 엔터테인먼트,-5.3144511013845435,2.1369333333333334,0.0022333333333333094
2022-10-12,2.21,2.38,2.153,2.33,2.33,45300,YTRA,Yatra Online Inc,호텔 및 엔터테인먼트,0.9072497134484214,2.1424666666666665,0.002766666666666584
2022-10-13,2.29,2.37,2.25,2.37,2.37,14400,YTRA,Yatra Online Inc,호텔 및 엔터테인먼트,0.8236634846579216,2.1483,0.0029166666666666785
2022-10-14,2.34,2.36,2.17,2.3,2.3,99000,YTRA,Yatra Online Inc,호텔 및 엔터테인먼트,1.059707655212483,2.1536333333333335,0.002666666666666817
2022-10-17,2.34,2.35,2.27,2.31,2.31,5900,YTRA,Yatra Online Inc,호텔 및 엔터테인먼트,-0.6367028983282008,2.1593,0.0028333333333332433
2022-10-18,2.34,2.34,2.27,2.27,2.27,14200,YTRA,Yatra Online Inc,호텔 및 엔터테인먼트,-2.768263144306826,2.1647,0.0026999999999999247
2022-10-19,2.28,2.35,2.13,2.33,2.33,12600,YTRA,Yatra Online Inc,호텔 및 엔터테인먼트,1.1102570968427816,2.1698999999999997,0.0025999999999999357
2022-10-20,2.3,2.35,2.283,2.35,2.35,5600,YTRA,Yatra Online Inc,호텔 및 엔터테인먼트,3.370831900665028,2.1746333333333334,0.00236666666666685
2022-10-21,2.34,2.42,2.31,2.36,2.36,12500,YTRA,Yatra Online Inc,호텔 및 엔터테인먼트,1.2886550757719828,2.1793,0.0023333333333332984
2022-10-24,2.33,2.43,2.27,2.38,2.38,13100,YTRA,Yatra Online Inc,호텔 및 엔터테인먼트,0.5470102402263421,2.1843666666666666,0.0025333333333332764
2022-10-25,2.4,2.49,2.33,2.47,2.47,18800,YTRA,Yatra Online Inc,호텔 및 엔터테인먼트,2.2641858631834433,2.1895,0.002566666666666606
2022-10-26,2.486,2.5,2.1,2.4,2.4,63900,YTRA,Yatra Online Inc,호텔 및 엔터테인먼트,-0.3228916381846747,2.194166666666667,0.0023333333333335204
2022-10-27,2.356,2.51,2.29,2.51,2.51,39300,YTRA,Yatra Online Inc,호텔 및 엔터테인먼트,4.359101714058999,2.1996333333333333,0.0027333333333332543
2022-10-28,2.45,2.496,2.299,2.32,2.32,29100,YTRA,Yatra Online Inc,호텔 및 엔터테인먼트,-5.655697443652574,2.202366666666667,0.0013666666666667382
2022-10-31,2.35,2.5,2.35,2.5,2.5,15500,YTRA,Yatra Online Inc,호텔 및 엔터테인먼트,2.0754113704958055,2.2076333333333333,0.0026333333333332654
2022-11-01,2.49,2.49,2.35,2.35,2.35,17900,YTRA,Yatra Online Inc,호텔 및 엔터테인먼트,-3.7348367462017418,2.2116333333333333,0.0020000000000000018
2022-11-02,2.35,2.42,2.26,2.3,2.3,19200,YTRA,Yatra Online Inc,호텔 및 엔터테인먼트,-2.858878005331522,2.2149666666666668,0.0016666666666667052
2022-11-03,2.234,2.4,2.18,2.31,2.31,29300,YTRA,Yatra Online Inc,호텔 및 엔터테인먼트,-1.2362285570413523,2.2171666666666665,0.0010999999999998789
2022-11-04,2.33,2.38,2.25,2.38,2.38,6500,YTRA,Yatra Online Inc,호텔 및 엔터테인먼트,0.46103332938098873,2.2204333333333333,0.0016333333333333755
2022-11-07,2.38,2.38,2.27,2.3,2.3,17500,YTRA,Yatra Online Inc,호텔 및 엔터테인먼트,-3.803287458459803,2.2229,0.0012333333333334195
2022-11-08,2.3,2.3,2.25,2.275,2.275,27400,YTRA,Yatra Online Inc,호텔 및 엔터테인먼트,-5.237335691184597,2.2251333333333334,0.0011166666666666547
2022-11-09,2.168,2.28,2.168,2.221,2.221,21100,YTRA,Yatra Online Inc,호텔 및 엔터테인먼트,-5.077984310441952,2.227606666666667,0.0012366666666667747
2022-11-10,2.23,2.28,2.15,2.22,2.22,45500,YTRA,Yatra Online Inc,호텔 및 엔터테인먼트,-9.49016916911769,2.2306733333333333,0.0015333333333331645
2022-11-11,2.22,2.22,2.15,2.22,2.22,36700,YTRA,Yatra Online Inc,호텔 및 엔터테인먼트,-9.693068949085394,2.2344066666666667,0.0018666666666666831
2022-11-14,2.22,2.25,2.15,2.24,2.24,35000,YTRA,Yatra Online Inc,호텔 및 엔터테인먼트,-7.592491432606585,2.23794,0.0017666666666666941
2022-11-15,2.24,2.39,2.15,2.35,2.35,66400,YTRA,Yatra Online Inc,호텔 및 엔터테인먼트,-3.723053727457548,2.2424066666666667,0.0022333333333333094
2022-11-16,2.35,2.35,2.2,2.34,2.34,64400,YTRA,Yatra Online Inc,호텔 및 엔터테인먼트,-3.022113480381672,2.2468733333333333,0.0022333333333333094
2022-11-17,2.14,2.33,2.1,2.12,2.12,42500,YTRA,Yatra Online Inc,호텔 및 엔터테인먼트,-11.109882120179094,2.25014,0.0016333333333333755
2022-11-18,2.51,2.93,2.45,2.81,2.81,6686400,YTRA,Yatra Online Inc,호텔 및 엔터테인먼트,16.494478670803716,2.2582066666666667,0.004033333333333333
2022-11-21,2.89,3.0,2.75,2.87,2.87,705900,YTRA,Yatra Online Inc,호텔 및 엔터테인먼트,18.473562540947675,2.2662066666666667,0.0040000000000000036
2022-11-22,2.82,2.89,2.64,2.79,2.79,388100,YTRA,Yatra Online Inc,호텔 및 엔터테인먼트,13.104044103336744,2.2730733333333335,0.0034333333333333993
2022-11-23,2.75,2.79,2.46,2.72,2.72,188000,YTRA,Yatra Online Inc,호텔 및 엔터테인먼트,9.185000028947732,2.27984,0.0033833333333332938
2022-11-25,2.7,2.72,2.65,2.717,2.717,59500,YTRA,Yatra Online Inc,호텔 및 엔터테인먼트,8.958209264777327,2.2863533333333335,0.0032566666666666855
2022-11-28,2.72,2.72,2.56,2.58,2.58,254900,YTRA,Yatra Online Inc,호텔 및 엔터테인먼트,4.612904189127365,2.29222,0.0029333333333332323
2022-11-29,2.58,2.685,2.48,2.57,2.57,243400,YTRA,Yatra Online Inc,호텔 및 엔터테인먼트,4.342432564825449,2.298153333333333,0.002966666666666562
2022-11-30,2.62,2.65,2.51,2.55,2.55,156500,YTRA,Yatra Online Inc,호텔 및 엔터테인먼트,0.29719069821096955,2.3038866666666666,0.002866666666666795
2022-12-01,2.6,2.66,2.44,2.46,2.46,114700,YTRA,Yatra Online Inc,호텔 및 엔터테인먼트,-3.094117077538161,2.3086866666666666,0.0023999999999999577
2022-12-02,2.44,2.46,2.26,2.39,2.39,192900,YTRA,Yatra Online Inc,호텔 및 엔터테인먼트,-5.480898288335023,2.3130200000000003,0.002166666666666872
2022-12-05,2.36,2.375,2.18,2.24,2.24,83200,YTRA,Yatra Online Inc,호텔 및 엔터테인먼트,-9.280057868537684,2.3159533333333333,0.0014666666666665051
2022-12-06,2.21,2.405,2.18,2.27,2.27,81000,YTRA,Yatra Online Inc,호텔 및 엔터테인먼트,-6.508255733326507,2.3191533333333334,0.0016000000000000458
2022-12-07,2.2,2.3,2.2,2.22,2.22,77600,YTRA,Yatra Online Inc,호텔 및 엔터테인먼트,-8.173619963377144,2.3222199999999997,0.0015333333333331645
2022-12-08,2.31,2.31,2.16,2.22,2.22,111700,YTRA,Yatra Online Inc,호텔 및 엔터테인먼트,-8.61840068365538,2.325686666666667,0.0017333333333335865
2022-12-09,2.21,2.27,2.11,2.23,2.23,181500,YTRA,Yatra Online Inc,호텔 및 엔터테인먼트,-7.569946725583088,2.3297533333333336,0.0020333333333333314
2022-12-12,2.2,2.25,2.146,2.25,2.25,39300,YTRA,Yatra Online Inc,호텔 및 엔터테인먼트,-8.112701507129428,2.3337533333333336,0.0020000000000000018
2022-12-13,2.26,2.311,2.11,2.13,2.13,127400,YTRA,Yatra Online Inc,호텔 및 엔터테인먼트,-13.38772061010458,2.3372200000000003,0.0017333333333333645
2022-12-14,2.13,2.218,2.13,2.18,2.18,55800,YTRA,Yatra Online Inc,호텔 및 엔터테인먼트,-10.499656322527972,2.3417533333333336,0.002266666666666639
2022-12-15,2.14,2.3,2.06,2.26,2.26,127100,YTRA,Yatra Online Inc,호텔 및 엔터테인먼트,-4.758096353163621,2.346686666666667,0.002466666666666617
2022-12-16,2.24,2.66,2.17,2.6,2.6,615400,YTRA,Yatra Online Inc,호텔 및 엔터테인먼트,9.56565540167924,2.35382,0.003566666666666496
2022-12-19,2.58,2.584,2.36,2.55,2.55,162000,YTRA,Yatra Online Inc,호텔 및 엔터테인먼트,8.794703573927688,2.3608866666666666,0.0035333333333333883
2022-12-20,2.5,2.73,2.47,2.6,2.6,444300,YTRA,Yatra Online Inc,호텔 및 엔터테인먼트,11.231978598117331,2.36822,0.003666666666666707
2022-12-21,2.6,2.625,2.46,2.5,2.5,75100,YTRA,Yatra Online Inc,호텔 및 엔터테인먼트,5.839326831631131,2.37542,0.0036000000000000476
2022-12-22,2.49,2.55,2.32,2.35,2.35,84000,YTRA,Yatra Online Inc,호텔 및 엔터테인먼트,1.4525653513946857,2.3811533333333332,0.002866666666666573
2022-12-23,2.39,2.42,2.34,2.39,2.39,41900,YTRA,Yatra Online Inc,호텔 및 엔터테인먼트,3.029964374065397,2.38722,0.0030333333333334433
2022-12-27,2.37,2.37,2.31,2.37,2.37,32000,YTRA,Yatra Online Inc,호텔 및 엔터테인먼트,2.855529454658523,2.3925533333333333,0.002666666666666595
2022-12-28,2.39,2.55,2.32,2.5,2.5,131500,YTRA,Yatra Online Inc,호텔 및 엔터테인먼트,9.713231687515854,2.3992199999999997,0.0033333333333331883
2022-12-29,2.5,2.5,2.38,2.44,2.44,49900,YTRA,Yatra Online Inc,호텔 및 엔터테인먼트,5.164728504916027,2.40422,0.0025000000000001688
2022-12-30,2.45,2.48,2.36,2.41,2.41,30000,YTRA,Yatra Online Inc,호텔 및 엔터테인먼트,3.927351313058436,2.4087533333333333,0.002266666666666639
2023-01-03,2.44,2.44,2.26,2.33,2.33,28500,YTRA,Yatra Online Inc,호텔 및 엔터테인먼트,0.6950897571858183,2.4123533333333333,0.0018000000000000238
2023-01-04,2.38,2.39,2.29,2.31,2.31,12200,YTRA,Yatra Online Inc,호텔 및 엔터테인먼트,-1.2375786299529068,2.41582,0.0017333333333333645
2023-01-05,2.325,2.35,2.29,2.33,2.33,19600,YTRA,Yatra Online Inc,호텔 및 엔터테인먼트,0.4941570126289374,2.419286666666667,0.0017333333333333645
2023-01-06,2.37,2.505,2.35,2.49,2.49,67100,YTRA,Yatra Online Inc,호텔 및 엔터테인먼트,4.354560945225261,2.422753333333333,0.0017333333333331424
2023-01-09,2.47,2.53,2.41,2.43,2.43,34200,YTRA,Yatra Online Inc,호텔 및 엔터테인먼트,1.386681918443089,2.426353333333333,0.0018000000000000238
2023-01-10,2.47,2.565,2.44,2.56,2.56,30300,YTRA,Yatra Online Inc,호텔 및 엔터테인먼트,5.3316554721252185,2.430353333333333,0.0020000000000000018
2023-01-11,2.55,2.61,2.55,2.57,2.57,46500,YTRA,Yatra Online Inc,호텔 및 엔터테인먼트,3.702688309561597,2.43442,0.0020333333333333314
2023-01-12,2.56,2.68,2.51,2.57,2.57,98300,YTRA,Yatra Online Inc,호텔 및 엔터테인먼트,2.403880806679237,2.4384866666666665,0.0020333333333333314
2023-01-13,2.53,2.6,2.49,2.57,2.57,70500,YTRA,Yatra Online Inc,호텔 및 엔터테인먼트,1.2170281735937483,2.4425533333333336,0.0020333333333335535
2023-01-17,2.54,2.68,2.43,2.53,2.53,66700,YTRA,Yatra Online Inc,호텔 및 엔터테인먼트,-0.5769246790554794,2.446153333333333,0.0017999999999998018
2023-01-18,2.49,2.61,2.45,2.45,2.45,54400,YTRA,Yatra Online Inc,호텔 및 엔터테인먼트,-1.8035092231842742,2.4495533333333332,0.0017000000000000348
2023-01-19,2.45,2.48,2.4,2.4,2.4,36100,YTRA,Yatra Online Inc,호텔 및 엔터테인먼트,-2.665674994702183,2.452553333333334,0.0015000000000002789
2023-01-20,2.4,2.42,2.29,2.305,2.305,120700,YTRA,Yatra Online Inc,호텔 및 엔터테인먼트,-7.522186095884953,2.454806666666667,0.0011266666666664982
2023-01-23,2.29,2.32,2.19,2.27,2.27,324600,YTRA,Yatra Online Inc,호텔 및 엔터테인먼트,-9.419117466594374,2.4568733333333332,0.0010333333333332195
2023-01-24,2.27,2.33,2.24,2.24,2.24,37200,YTRA,Yatra Online Inc,호텔 및 엔터테인먼트,-10.140620544981438,2.458673333333333,0.0008999999999999009
2023-01-25,2.26,2.26,2.14,2.155,2.155,73100,YTRA,Yatra Online Inc,호텔 및 엔터테인먼트,-12.93821005204877,2.459973333333333,0.0006500000000000394
2023-01-26,2.19,2.32,2.17,2.3,2.3,52300,YTRA,Yatra Online Inc,호텔 및 엔터테인먼트,-7.698974182295082,2.4619066666666667,0.0009666666666667822
2023-01-27,2.32,2.34,2.28,2.33,2.33,27300,YTRA,Yatra Online Inc,호텔 및 엔터테인먼트,-6.051019561408488,2.4637066666666665,0.0008999999999999009
2023-01-30,2.35,2.35,2.212,2.25,2.25,38900,YTRA,Yatra Online Inc,호텔 및 엔터테인먼트,-7.524084961500687,2.4644733333333333,0.00038333333333340214
2023-01-31,2.27,2.36,2.235,2.325,2.325,53500,YTRA,Yatra Online Inc,호텔 및 엔터테인먼트,-5.372437168731114,2.464906666666667,0.00021666666666675383
2023-02-01,2.38,2.38,2.26,2.38,2.38,57000,YTRA,Yatra Online Inc,호텔 및 엔터테인먼트,-3.8847142055864037,2.4661066666666667,0.0005999999999999339
2023-02-02,2.39,2.41,2.28,2.35,2.35,46200,YTRA,Yatra Online Inc,호텔 및 엔터테인먼트,-6.179960751670843,2.4669733333333332,0.0004333333333332856
2023-02-03,2.38,2.45,2.32,2.36,2.36,72300,YTRA,Yatra Online Inc,호텔 및 엔터테인먼트,-4.465553968275849,2.4677066666666665,0.0003666666666666263
2023-02-06,2.33,2.43,2.275,2.28,2.28,22700,YTRA,Yatra Online Inc,호텔 및 엔터테인먼트,-6.47075543709994,2.46704,-0.0003333333333332966
2023-02-07,2.24,2.32,2.24,2.25,2.25,36500,YTRA,Yatra Online Inc,호텔 및 엔터테인먼트,-8.224391173505452,2.4663066666666666,-0.0003666666666666263
2023-02-08,2.31,2.31,2.21,2.25,2.25,86800,YTRA,Yatra Online Inc,호텔 및 엔터테인먼트,-6.346754371295682,2.4664399999999995,6.666666666643728e-05
2023-02-09,2.26,2.26,2.18,2.19,2.19,107200,YTRA,Yatra Online Inc,호텔 및 엔터테인먼트,-7.150043841658393,2.4656399999999996,-0.00039999999999995595
2023-02-10,2.22,2.27,2.18,2.25,2.25,91100,YTRA,Yatra Online Inc,호텔 및 엔터테인먼트,-4.02500659610987,2.4648733333333332,-0.0003833333333331801
2023-02-13,2.26,2.365,2.23,2.32,2.32,101900,YTRA,Yatra Online Inc,호텔 및 엔터테인먼트,-1.4552200049362085,2.465006666666667,6.666666666688137e-05
2023-02-14,2.3,2.362,2.26,2.34,2.34,8400,YTRA,Yatra Online Inc,호텔 및 엔터테인먼트,0.021439644215281994,2.46534,0.00016666666666642627
2023-02-15,2.27,2.36,2.26,2.32,2.32,63500,YTRA,Yatra Online Inc,호텔 및 엔터테인먼트,-0.5429860234659079,2.4655066666666663,8.333333333321313e-05
2023-02-16,2.36,2.36,2.2,2.33,2.33,28200,YTRA,Yatra Online Inc,호텔 및 엔터테인먼트,1.6976242689071164,2.46564,6.666666666688137e-05
2023-02-17,2.243,2.3,2.23,2.29,2.29,7800,YTRA,Yatra Online Inc,호텔 및 엔터테인먼트,0.39781609910447546,2.4654399999999996,-0.00010000000000021103
2023-02-21,2.26,2.345,2.26,2.27,2.27,16300,YTRA,Yatra Online Inc,호텔 및 엔터테인먼트,1.527475156499336,2.4650399999999997,-0.00019999999999997797
2023-02-22,2.27,2.28,2.25,2.27,2.27,14900,YTRA,Yatra Online Inc,호텔 및 엔터테인먼트,1.5863635906251172,2.464306666666667,-0.00036666666666640424
2023-02-23,2.22,2.32,2.213,2.32,2.32,27400,YTRA,Yatra Online Inc,호텔 및 엔터테인먼트,2.890906365547141,2.4637733333333336,-0.0002666666666666373
2023-02-24,2.29,2.34,2.244,2.34,2.34,12400,YTRA,Yatra Online Inc,호텔 및 엔터테인먼트,4.669175686525695,2.463,-0.0003866666666667573
2023-02-27,2.31,2.337,2.26,2.29,2.29,15300,YTRA,Yatra Online Inc,호텔 및 엔터테인먼트,2.0948168016308832,2.4617999999999998,-0.000600000000000156
2023-02-28,2.26,2.3,2.2,2.21,2.21,53100,YTRA,Yatra Online Inc,호텔 및 엔터테인먼트,-1.1423023827890622,2.4594666666666662,-0.0011666666666667602
2023-03-01,2.2,2.3,2.2,2.27,2.27,25700,YTRA,Yatra Online Inc,호텔 및 엔터테인먼트,1.9860946738678775,2.457866666666667,-0.0007999999999996898
2023-03-02,2.24,2.28,2.21,2.22,2.22,36400,YTRA,Yatra Online Inc,호텔 및 엔터테인먼트,-0.833209597183493,2.4557333333333333,-0.0010666666666667712
