Date,Open,High,Low,Close,Adj Close,Volume,Symbol,Name,Industry,RS,150MA,MA150_Slope,ATR,TC,ATC,TRS,ATRS,50MA
2021-10-21,20.0,20.98,19.530001,19.809999,19.809999,13258800,ENFN,Enfusion Inc,소프트웨어 및 IT서비스,,,,,,,,,
2021-10-22,19.809999,20.83,19.049999,19.92,19.92,2901000,ENFN,Enfusion Inc,소프트웨어 및 IT서비스,,,,,,,,,
2021-10-25,19.92,22.09,19.190001,21.610001,21.610001,937400,ENFN,Enfusion Inc,소프트웨어 및 IT서비스,,,,,,,,,
2021-10-26,21.610001,22.190001,20.16,20.299999,20.299999,943700,ENFN,Enfusion Inc,소프트웨어 및 IT서비스,,,,,,,,,
2021-10-27,20.24,20.790001,19.75,19.91,19.91,2054700,ENFN,Enfusion Inc,소프트웨어 및 IT서비스,,,,,,,,,
2021-10-28,19.75,21.450001,19.75,20.74,20.74,620600,ENFN,Enfusion Inc,소프트웨어 및 IT서비스,,,,,,,,,
2021-10-29,20.5,20.82,19.950001,20.629999,20.629999,419300,ENFN,Enfusion Inc,소프트웨어 및 IT서비스,,,,,,,,,
2021-11-01,20.42,20.65,20.16,20.5,20.5,339500,ENFN,Enfusion Inc,소프트웨어 및 IT서비스,,,,,,,,,
2021-11-02,20.469999,21.950001,20.450001,21.34,21.34,271300,ENFN,Enfusion Inc,소프트웨어 및 IT서비스,,,,,,,,,
2021-11-03,21.34,21.49,20.469999,21.0,21.0,238600,ENFN,Enfusion Inc,소프트웨어 및 IT서비스,,,,,,,,,
2021-11-04,20.969999,21.629999,20.85,21.43,21.43,412100,ENFN,Enfusion Inc,소프트웨어 및 IT서비스,,,,,,,,,
2021-11-05,21.26,21.84,20.959999,21.549999,21.549999,181400,ENFN,Enfusion Inc,소프트웨어 및 IT서비스,,,,,,,,,
2021-11-08,21.73,22.65,21.16,22.549999,22.549999,404400,ENFN,Enfusion Inc,소프트웨어 및 IT서비스,,,,,,,,,
2021-11-09,22.32,22.82,22.16,22.459999,22.459999,264900,ENFN,Enfusion Inc,소프트웨어 및 IT서비스,,,,,,,,,
2021-11-10,22.58,22.82,21.92,22.459999,22.459999,260300,ENFN,Enfusion Inc,소프트웨어 및 IT서비스,,,,1.2885716428571423,0.0,,1.1123604649876597,,
2021-11-11,22.34,22.73,22.0,22.52,22.52,289300,ENFN,Enfusion Inc,소프트웨어 및 IT서비스,,,,1.2135715714285709,0.04944166575142233,,-0.027267668842894062,,
2021-11-12,22.6,23.1,22.190001,22.940001,22.940001,91100,ENFN,Enfusion Inc,소프트웨어 및 IT서비스,,,,1.071428714285714,0.39200088106654857,,-0.6057751756725067,,
2021-11-15,22.83,23.209999,22.74,22.91,22.91,213100,ENFN,Enfusion Inc,소프트웨어 및 IT서비스,,,,0.9599999999999999,-0.03125104166666522,,-0.02973253058934745,,
2021-11-16,22.91,23.09,22.465,22.57,22.57,331100,ENFN,Enfusion Inc,소프트웨어 및 IT서비스,,,,0.9303570714285713,-0.3654510837198528,,-0.9088812027683413,,
2021-11-17,22.620001,23.07,21.209999,21.42,21.42,404400,ENFN,Enfusion Inc,소프트웨어 및 IT서비스,-1.1420583620315061,,,0.9417856428571427,-1.2210846584061161,,-0.8297432052965131,,
2021-11-18,21.26,22.280001,21.01,21.32,21.32,212100,ENFN,Enfusion Inc,소프트웨어 및 IT서비스,-2.1237262634273946,,,0.9703572142857139,-0.10305483231101864,,-0.616117384088419,,
2021-11-19,21.309999,21.799999,21.02,21.469999,21.469999,193300,ENFN,Enfusion Inc,소프트웨어 및 IT서비스,-1.4961149670645435,,,0.9910714285714283,0.1513503423423435,,0.364939801303523,,
2021-11-22,21.129999,21.370001,19.610001,19.93,19.93,372500,ENFN,Enfusion Inc,소프트웨어 및 IT서비스,-7.794882080789167,,,1.0167855714285712,-1.5145759767581302,,-1.0682630757874187,,
2021-11-23,19.790001,20.0,17.370001,17.799999,17.799999,887600,ENFN,Enfusion Inc,소프트웨어 및 IT서비스,-17.209130468178014,,,1.1317854285714286,-1.8819830563541953,,-2.1104130453504073,,
2021-11-24,17.799999,18.959999,17.42,18.35,18.35,321800,ENFN,Enfusion Inc,소프트웨어 및 IT서비스,-14.40637874528149,,,1.1860711428571429,0.463716703093456,,0.16011136449912877,,
2021-11-26,18.01,18.66,17.965,18.15,18.15,138700,ENFN,Enfusion Inc,소프트웨어 및 IT서비스,-12.833556667522927,,,1.1728567857142858,-0.17052380344817641,,2.436463714128984,,
2021-11-29,18.190001,19.9,18.1,19.610001,19.610001,413600,ENFN,Enfusion Inc,소프트웨어 및 IT서비스,-6.774049045757058,,,1.1949996428571428,1.2217585241358426,,-0.12270969559544653,,
2021-11-30,19.709999,20.02,18.540001,19.360001,19.360001,219000,ENFN,Enfusion Inc,소프트웨어 및 IT서비스,-5.97119088605168,,,1.2535709999999998,-0.19943026761148755,-0.22922047170614496,1.5937382251515044,-0.04652067242289245,
2021-12-01,19.68,20.75,19.110001,19.66,19.66,443600,ENFN,Enfusion Inc,소프트웨어 및 IT서비스,-3.1014785119732324,,,1.3064280714285714,0.2296330020465287,-0.21281811441710716,1.201334369779568,-0.04016539350918472,
2021-12-02,19.66,20.41,18.030001,18.76,18.76,386900,ENFN,Enfusion Inc,소프트웨어 및 IT서비스,-8.416625526188747,,,1.4242851428571428,-0.6318959405801156,-0.2614850862979313,-1.6865932272024904,-0.1586886476777273,
2021-12-03,19.42,20.23,18.25,18.690001,18.690001,734200,ENFN,Enfusion Inc,소프트웨어 및 IT서비스,-7.504696845703918,,,1.5007137857142856,-0.046643804212597284,-0.29281684953215603,0.539239026683676,-0.07690191893799998,
2021-12-06,18.690001,19.235001,18.450001,19.040001,19.040001,410500,ENFN,Enfusion Inc,소프트웨어 및 IT서비스,-6.401711550862332,,,1.5232138571428568,0.22977732139104098,-0.2741719664566055,-0.5357512490395512,-0.11304611311301452,
2021-12-07,18.950001,20.25,18.950001,19.98,19.98,622300,ENFN,Enfusion Inc,소프트웨어 및 IT서비스,-3.1909543942318597,,,1.571428071428571,0.5981813721486187,-0.20534107675171476,-0.6811409099080414,-0.09677894933727882,
2021-12-08,20.0,20.219999,19.110001,19.799999,19.799999,300700,ENFN,Enfusion Inc,소프트웨어 및 IT서비스,-3.72187295791494,,,1.5178564285714284,-0.11858894992421223,-0.1265913832887216,-0.31066777705584453,-0.05970213303437393,
2021-12-09,19.700001,20.405001,19.309999,19.360001,19.360001,402200,ENFN,Enfusion Inc,소프트웨어 및 IT서비스,-4.431507234120935,,,1.5053564999999998,-0.29228823869960324,-0.14010805517362052,0.15649587276360616,-0.0045154718306578455,
2021-12-10,19.319,19.52,17.92,18.51,18.51,372900,ENFN,Enfusion Inc,소프트웨어 및 IT서비스,-8.526951714571807,,,1.5639279999999995,-0.5435039208966136,-0.18974050254783173,-1.123549266792129,-0.11083611955177584,
2021-12-13,18.379999,19.690001,18.290001,19.459999,19.459999,426200,ENFN,Enfusion Inc,소프트웨어 및 IT서비스,-2.1126495392664424,,,1.5310709999999994,0.6204800430548281,-0.03723650113262044,1.18986863608578,0.050459002724881206,
2021-12-14,19.030001,20.01,18.530001,19.110001,19.110001,366900,ENFN,Enfusion Inc,소프트웨어 및 IT서비스,-2.2675911402235904,,,1.4489281428571423,-0.24155649244954142,0.0799368248605691,0.21302966345395513,0.21641919621090708,
2021-12-15,19.07,20.09,18.85,19.959999,19.959999,497100,ENFN,Enfusion Inc,소프트웨어 및 IT서비스,1.1123766002111735,,,1.4274996428571425,0.5954453328609787,0.08934601270110647,-0.3410067520504123,0.180625045028797,
2021-12-16,19.879999,20.295,18.059999,18.790001,18.790001,451500,ENFN,Enfusion Inc,소프트웨어 및 IT서비스,-3.347997302223804,,,1.5374997142857139,-0.7609744503552985,0.04717096649345489,-0.23528099864668717,-0.010213863026608079,
2021-12-17,18.719999,19.34,18.059999,18.309999,18.309999,3563400,ENFN,Enfusion Inc,소프트웨어 및 IT서비스,-4.183238619529794,,,1.5003569285714282,-0.31992520636875055,-0.0629492999711589,0.29878234874532916,0.019892711569161614,
2021-12-20,17.84,18.33,17.344999,17.799999,17.799999,339800,ENFN,Enfusion Inc,소프트웨어 및 IT서비스,-5.005689596106933,,,1.4649999285714281,-0.34812288386752355,-0.07357020113230435,0.3333088793758643,-0.07013795598624126,
2021-12-21,17.860001,18.889999,17.42,18.57,18.57,252500,ENFN,Enfusion Inc,소프트웨어 및 IT서비스,-2.3159012708921622,,,1.452857071428571,0.5299908815138099,-0.05211606688464139,-0.582986928656624,-0.1975894773031121,
2021-12-22,18.42,19.059999,18.264999,18.709999,18.709999,194300,ENFN,Enfusion Inc,소프트웨어 및 IT서비스,-2.79598546176435,,,1.3396428571428565,0.1045047187416686,0.0004839802097717614,-0.5696172772547666,-0.1178054808782747,
2021-12-23,18.860001,19.190001,18.391001,19.08,19.08,79700,ENFN,Enfusion Inc,소프트웨어 및 IT서비스,-1.6480750474210493,,,1.2552857142857137,0.2947544099237499,0.02486956693379656,-0.15286674703673753,-0.16724160757258996,
2021-12-27,19.200001,20.042999,19.200001,19.6,19.6,95600,ENFN,Enfusion Inc,소프트웨어 및 IT서비스,-0.5170487153686398,,,1.2679999285714278,0.410094660325299,0.037749376857672136,-0.6007896911043997,-0.171887210577222,
2021-12-28,19.639999,20.09,19.535,19.879999,19.879999,48300,ENFN,Enfusion Inc,소프트웨어 및 IT서비스,1.0786180374021015,,,1.2147857142857137,0.2304925030869644,0.011485886210411118,0.31209398930922294,-0.1009418606331317,
2021-12-29,19.75,20.35,19.75,20.33,20.33,133500,ENFN,Enfusion Inc,소프트웨어 및 IT서비스,3.218846345191251,,,1.178357285714285,0.3818884182713901,0.04723426965295414,0.2681313498115139,-0.05959906585689179,
2021-12-30,20.219999,21.57,20.219999,21.440001,21.440001,101200,ENFN,Enfusion Inc,소프트웨어 및 IT서비스,9.00813102527076,,,1.1965714999999995,0.9276512101449859,0.13437280171328195,1.1710761131076624,0.012870951310540795,
2021-12-31,21.49,21.737,20.6,20.940001,20.940001,232300,ENFN,Enfusion Inc,소프트웨어 및 IT서비스,6.365381736660725,,,1.1635000714285708,-0.42973783352336975,0.1424989508113708,-0.20987458021631317,0.07813342892309906,20.2067999
2022-01-03,21.049999,21.379999,20.35,21.35,21.35,182000,ENFN,Enfusion Inc,소프트웨어 및 IT서비스,7.328547414474551,,,1.137071428571428,0.36057453357623215,0.12393427156289963,-0.17565084114749807,-0.019403676593563658,20.23759992
2022-01-04,21.459999,21.656,19.040001,19.82,19.82,399900,ENFN,Enfusion Inc,소프트웨어 및 IT서비스,-0.28582340195785205,,,1.218214285714285,-1.2559366754617431,0.05147854420488523,-1.201386458887981,-0.12043339961798767,20.23559992
2022-01-05,19.5,20.059999,18.41,18.5,18.5,261400,ENFN,Enfusion Inc,소프트웨어 및 IT서비스,-4.70989835162281,,,1.2474999285714279,-1.0581162930498889,-0.06663300050303388,0.6277927422510052,-0.051233435739314985,20.1733999
2022-01-06,18.07,19.129999,17.75,18.92,18.92,125700,ENFN,Enfusion Inc,소프트웨어 및 IT서비스,-2.2362382339152886,,,1.1864283571428567,0.35400367621981066,0.013008294252331068,0.43906769263779694,-0.0030656720761375483,20.145799919999998
2022-01-07,18.98,19.209999,18.620001,18.700001,18.700001,93200,ENFN,Enfusion Inc,소프트웨어 및 IT서비스,-2.8036390464765693,,,1.1371424285714282,-0.19346653020095486,0.02204105683574505,0.17515824202660604,-0.0118959654131892,20.12159994
2022-01-10,18.32,18.360001,17.5,18.200001,18.200001,141600,ENFN,Enfusion Inc,소프트웨어 및 IT서비스,-5.229928870094369,,,1.1524995714285713,-0.4338396407212795,0.01591843134619105,-0.30415981901880207,-0.05742944386995108,20.070799960000002
2022-01-11,18.209999,18.809999,17.870001,18.68,18.68,182900,ENFN,Enfusion Inc,소프트웨어 및 IT서비스,-3.3731353495843663,,,1.1146423571428574,0.4306305039675436,0.008821261521457738,-0.40079380752735355,-0.04441564950357462,20.031799980000002
2022-01-12,18.969999,19.799999,18.24,18.32,18.32,128300,ENFN,Enfusion Inc,소프트웨어 및 IT서비스,-5.215466194826012,,,1.1692851428571431,-0.3078804192451646,-0.020634819763316065,-0.5696231132798124,-0.04441606636250646,19.98819998
2022-01-13,18.49,18.49,17.030001,17.09,17.09,147700,ENFN,Enfusion Inc,소프트웨어 및 IT서비스,-9.672377044515933,,,1.2164993571428575,-1.0110979449170046,-0.11390998796622709,0.22902901803009468,-0.017137797429161303,19.90319998
2022-01-14,16.969999,17.250999,16.280001,16.620001,16.620001,293300,ENFN,Enfusion Inc,소프트웨어 및 IT서비스,-11.72814902373358,,,1.2170707142857147,-0.3861723024662857,-0.1707861995941974,-0.4579952408555972,-0.006938193839961122,19.8156
2022-01-18,16.25,16.320999,15.44,15.46,15.46,222900,ENFN,Enfusion Inc,소프트웨어 및 IT서비스,-15.740655442259687,,,1.2617136428571432,-0.9193853189802895,-0.2529203297418584,0.5591862211983062,0.010711251294973396,19.696199999999997
2022-01-19,15.56,15.63,14.56,14.86,14.86,117400,ENFN,Enfusion Inc,소프트웨어 및 IT서비스,-17.58271494827661,,,1.2952850714285715,-0.4632184939321972,-0.31328510918497177,0.2527577224438639,0.00961313505442697,19.56240002
2022-01-20,14.84,15.37,14.34,14.39,14.39,204600,ENFN,Enfusion Inc,소프트웨어 및 IT서비스,-18.495394655474307,,,1.2724278571428573,-0.36937261107702335,-0.4059296678436867,0.361927913185903,-0.04818316493998441,19.39920004
2022-01-21,14.19,14.47,13.56,13.74,13.74,185800,ENFN,Enfusion Inc,소프트웨어 및 IT서비스,-19.801435215847295,,,1.256213571428572,-0.5174279396303745,-0.4121932468513299,0.6285281448496549,0.011702743993299026,19.22480006
2022-01-24,13.41,13.77,12.65,13.5,13.5,484000,ENFN,Enfusion Inc,소프트웨어 및 IT서비스,-20.42292823860302,,,1.2626422142857148,-0.1900775986139271,-0.4515255420077699,-0.33323257695121944,0.0004469057216046425,19.04560008
2022-01-25,13.14,13.47,12.75,12.93,12.93,248100,ENFN,Enfusion Inc,소프트웨어 및 IT서비스,-21.700974895711322,,,1.129356571428572,-0.5047121648028157,-0.3978666483892751,0.08625127881427308,0.09242102984319422,18.85380008
2022-01-26,13.33,13.338,12.4,12.54,12.54,261800,ENFN,Enfusion Inc,소프트웨어 및 IT서비스,-22.652435617380572,,,1.0784995000000004,-0.361613519524117,-0.34811645028029137,-0.29255851308610137,0.026681654461972324,18.645800060000003
2022-01-27,12.74,12.839,11.93,12.11,12.11,224500,ENFN,Enfusion Inc,소프트웨어 및 IT서비스,-23.418355966758487,,,1.0448567142857146,-0.411539682064403,-0.40279811872916377,-0.17519818877348256,-0.01719447992454764,18.42980006
2022-01-28,12.11,12.22,11.5,11.96,11.96,524700,ENFN,Enfusion Inc,소프트웨어 및 IT서비스,-24.313461416608916,,,1.0541425714285717,-0.1422957425926921,-0.3991430624714307,-1.1371523469207254,-0.11093095056364274,18.21760006
2022-01-31,11.93,13.83,11.93,13.81,13.81,253600,ENFN,Enfusion Inc,소프트웨어 및 IT서비스,-12.589460621088033,,,1.1041425000000002,1.6755083696171456,-0.2484753474472575,0.8893160196575239,-0.02568267637247659,18.06540006
2022-02-01,13.8,14.23,13.42,14.05,14.05,142200,ENFN,Enfusion Inc,소프트웨어 및 IT서비스,-9.924823457043463,,,1.0948569285714287,0.21920672348774617,-0.2635770460529573,-0.07363342854570726,-0.0023140778737875756,17.92000006
2022-02-02,14.12,14.42,13.4,13.88,13.88,234600,ENFN,Enfusion Inc,소프트웨어 및 IT서비스,-10.395321811453984,,,1.0562855714285715,-0.16094132552628143,-0.2530813965016085,-0.5633444025786014,-0.00186559853798679,17.76820008
2022-02-03,13.4,14.07,13.03,13.23,13.23,163100,ENFN,Enfusion Inc,소프트웨어 및 IT서비스,-11.16541810575865,,,1.026285642857143,-0.6333519371764993,-0.22609953880585815,0.40067365195740523,0.010394732456821107,17.63420008
2022-02-04,13.18,14.2,12.79,13.99,13.99,152700,ENFN,Enfusion Inc,소프트웨어 및 IT서비스,-5.233090558013275,,,1.0576429285714286,0.7185790019194297,-0.1471887313497356,0.5104781053637107,0.07957140004391453,17.5580001
2022-02-07,14.0,14.61,13.81,14.33,14.33,136400,ENFN,Enfusion Inc,소프트웨어 및 IT서비스,-1.362921964102859,,,1.0305,0.3299369238233866,-0.057951428292330166,0.4844372898887027,0.07423219066465714,17.477600100000004
2022-02-08,14.16,15.63,14.115,15.44,15.44,138400,ENFN,Enfusion Inc,소프트웨어 및 IT서비스,6.182212742367876,,,1.0622857142857143,1.0449166218396981,0.04977250854851951,0.6919613730492475,0.1056038799936131,17.4234001
2022-02-09,15.71,16.549999,15.5,16.280001,16.280001,189900,ENFN,Enfusion Inc,소프트웨어 및 IT서비스,11.072569417233712,,,1.0679999285714286,0.7865178428650235,0.13233611240152285,0.14768916319709502,0.09030111213726968,17.356800099999997
2022-02-10,15.69,16.940001,15.105,16.370001,16.370001,233600,ENFN,Enfusion Inc,소프트웨어 및 IT서비스,14.178994289823098,,,1.1340714285714284,0.07936008061976432,0.17496382813367564,0.8850729401216704,0.10862574037098506,17.2970001
2022-02-11,16.370001,16.6,16.07,16.16,16.16,297200,ENFN,Enfusion Inc,소프트웨어 및 IT서비스,14.913427609174557,,,1.0919285714285716,-0.19232118793746164,0.17480357175342315,0.6781633018275051,0.18086830314089397,17.2270001
2022-02-14,16.25,18.290001,16.049999,17.030001,17.030001,452000,ENFN,Enfusion Inc,소프트웨어 및 IT서비스,20.987820563300442,,,1.198357285714286,0.7259946681773046,0.2627112026805746,0.9071330082372882,0.23950271238539506,17.19240012
2022-02-15,17.32,18.35,16.690001,16.860001,16.860001,315500,ENFN,Enfusion Inc,소프트웨어 및 IT서비스,17.200251662630105,,,1.2499286428571434,-0.13600776410036053,0.27882589949655723,-0.9231857374593752,0.1944579106444469,17.155800120000002
2022-02-16,16.620001,17.57,16.559999,17.200001,17.200001,208200,ENFN,Enfusion Inc,소프트웨어 및 IT서비스,18.418335701222688,,,1.2571430000000003,0.2704545147210777,0.3275397706955201,0.2235069351820685,0.22293684806984343,17.11900012
2022-02-17,17.02,17.940001,16.43,16.549999,16.549999,392500,ENFN,Enfusion Inc,소프트웨어 및 IT서비스,15.397827217547167,,,1.313571642857143,-0.4948355908370438,0.3023583529637807,0.6730126784138921,0.35223434987945895,17.0504001
2022-02-18,16.219999,16.870001,14.85,15.52,15.52,2157500,ENFN,Enfusion Inc,소프트웨어 및 IT서비스,8.262095706364669,,,1.322143142857143,-0.7790374329470701,0.12703365278062245,-0.37966328665963794,0.2615929708568045,16.96480012
2022-02-22,15.26,16.309999,14.9,16.190001,16.190001,357000,ENFN,Enfusion Inc,소프트웨어 및 IT서비스,12.894659458473058,,,1.3650002142857143,0.49084314638778387,0.14643625441633942,1.0381135204200165,0.34100346721149905,16.901400119999998
2022-02-23,16.309999,16.309999,14.74,14.88,14.88,312300,ENFN,Enfusion Inc,소프트웨어 및 IT서비스,4.835304985321032,,,1.4042858571428574,-0.932859213340872,0.09129926242958296,-0.006168744116665681,0.3808017285302087,16.82880012
2022-02-24,14.3,15.93,13.94,15.91,15.91,277000,ENFN,Enfusion Inc,소프트웨어 및 IT서비스,9.09731423880331,,,1.4721430000000002,0.69966029115378,0.1865144215960315,-0.0033958929922555114,0.3519396181766616,16.75780014
2022-02-25,15.87,16.459999,15.27,16.440001,16.440001,164200,ENFN,Enfusion Inc,소프트웨어 및 IT서비스,8.744971066577879,,,1.4564286428571431,0.36390454321213517,0.16118053168836763,-0.6947599873851101,0.26585118298031724,16.70440014
2022-02-28,16.299999,17.049999,15.92,16.59,16.59,194000,ENFN,Enfusion Inc,소프트웨어 및 IT서비스,8.287497270559353,,,1.4800000000000002,0.1013506756756764,0.14485294253495976,0.2173859135125601,0.24677608466773562,16.63700016
2022-03-01,16.59,17.129999,15.79,16.08,16.08,209200,ENFN,Enfusion Inc,소프트웨어 및 IT서비스,5.5895976535417,,,1.467499928571429,-0.3475298295220175,0.04539248172340861,0.36748475114752066,0.22359918310332658,16.582800140000003
2022-03-02,16.18,16.33,15.53,16.120001,16.120001,113500,ENFN,Enfusion Inc,소프트웨어 및 IT서비스,3.0631271714577357,,,1.4453571428571428,0.027675512725475783,-0.008810541857987648,-0.8036846355178053,0.15564391176654796,16.539000180000002
2022-03-03,16.309999,16.58,15.18,15.61,15.61,196700,ENFN,Enfusion Inc,소프트웨어 및 IT서비스,-0.4424370824868018,,,1.4142856428571429,-0.36060678588923095,-0.04023674660863017,-0.11586466230819764,0.0841483687358431,16.4952002
2022-03-04,15.35,15.39,14.855,15.09,15.09,116800,ENFN,Enfusion Inc,소프트웨어 및 IT서비스,-3.7008507198633467,,,1.4303570714285716,-0.3635455861945358,-0.05246706076984975,0.01746052978429552,0.03695531358989956,16.425600199999998
2022-03-07,15.05,15.19,14.34,14.52,14.52,121000,ENFN,Enfusion Inc,소프트웨어 및 IT서비스,-4.9763963834995035,,,1.3310712142857144,-0.42822652453338217,-0.13491143167775596,0.9070408574003782,0.03694873138726314,16.34180022
2022-03-08,14.42,14.6,13.75,14.03,14.03,217700,ENFN,Enfusion Inc,소프트웨어 및 IT서비스,-7.727249031130478,,,1.2732141428571428,-0.3848527781040987,-0.1526860755351658,-0.07826692510421207,0.09730007512691764,16.24080022
2022-03-09,14.46,15.0,14.19,14.74,14.74,410000,ENFN,Enfusion Inc,소프트웨어 및 IT서비스,-5.526532386327155,,,1.2703569285714285,0.5588980419844891,-0.13208296644492215,-0.47128721610956403,0.04767192146322961,16.14360022
2022-03-10,14.36,14.59,13.85,13.97,13.97,136300,ENFN,Enfusion Inc,소프트웨어 및 IT서비스,-9.742544603348936,,,1.226071142857143,-0.6280222844211554,-0.1415963017009301,-0.44744569217492924,-0.032360819293114775,16.02540024
2022-03-11,14.02,14.02,13.02,13.16,13.16,179800,ENFN,Enfusion Inc,소프트웨어 및 IT서비스,-13.257286237922505,,,1.1532139285714287,-0.7023848567311421,-0.1361211176855067,-0.16805896214829152,-0.017246224685161456,15.88200024
2022-03-14,13.06,13.24,12.44,12.74,12.74,204800,ENFN,Enfusion Inc,소프트웨어 및 IT서비스,-14.683395330430804,,,1.1096425714285716,-0.37850025838435997,-0.19821707516923123,-0.07461817735978366,-0.09672706024086146,15.708000219999999
2022-03-15,12.76,13.02,12.23,12.59,12.59,209200,ENFN,Enfusion Inc,소프트웨어 및 IT서비스,-16.38569859315234,,,1.053928357142857,-0.14232466465428661,-0.14175032169161803,-1.0260395457239642,-0.1695749746413828,15.5410002
2022-03-16,12.7,13.88,12.7,13.84,13.84,264900,ENFN,Enfusion Inc,소프트웨어 및 IT서비스,-9.33279627102107,,,1.0039283571428572,1.2451087680772894,-0.10278971619708163,0.24990907692927433,-0.15148176250413067,15.390800200000001
2022-03-17,13.67,14.82,13.67,14.81,14.81,202900,ENFN,Enfusion Inc,소프트웨어 및 IT서비스,-3.4913370667961408,,,1.0010712857142858,0.9689619648893284,-0.059571328934424975,0.39854673094887116,-0.07338842548027484,15.290600199999998
2022-03-18,14.89,15.465,14.66,15.43,15.43,293700,ENFN,Enfusion Inc,소프트웨어 및 IT서비스,-0.14939410338556947,,,0.9778570714285715,0.6340394911643156,-0.021522127828093603,0.08909822227634911,-0.08255183199714707,15.229200200000001
2022-03-21,15.12,15.335,14.68,15.08,15.08,197200,ENFN,Enfusion Inc,소프트웨어 및 IT서비스,-2.105439791317909,,,0.9357142857142856,-0.37404580152671724,-0.023416125828429304,-0.3528333126136394,-0.13400312226580136,15.152400200000002
2022-03-22,15.02,15.88,15.02,15.45,15.45,282400,ENFN,Enfusion Inc,소프트웨어 및 IT서비스,-0.33906277852375766,,,0.9400000000000001,0.39361702127659487,0.002722553353793487,-0.17303665512852967,-0.08895683795228167,15.08740018
2022-03-23,15.22,15.32,14.6,15.0,15.0,226000,ENFN,Enfusion Inc,소프트웨어 및 IT서비스,-1.8175393903051784,,,0.9007142857142858,-0.4996034892942101,-0.007205782603705024,0.13035434716438393,-0.07136976584709727,15.02340016
2022-03-24,15.01,15.22,14.56,15.22,15.22,230600,ENFN,Enfusion Inc,소프트웨어 및 IT서비스,-1.2930902096378705,,,0.8939285714285716,0.24610467439073178,0.03634066458095695,-0.489604844643155,-0.10758872116334374,14.954200160000001
2022-03-25,13.72,13.72,11.585,12.53,12.53,826000,ENFN,Enfusion Inc,소프트웨어 및 IT서비스,-17.956071734206247,,,1.092857142857143,-2.461437908496733,-0.10888871998785384,-2.7445801988413887,-0.3684187966091842,14.838400159999999
2022-03-28,12.44,13.34,12.28,13.21,13.21,438400,ENFN,Enfusion Inc,소프트웨어 및 IT서비스,-12.944324639270622,,,1.107857142857143,0.6137975499677639,-0.0375565536970065,0.18955493165979825,-0.3492886639831835,14.76080016
2022-03-29,13.33,14.04,13.33,13.56,13.56,285800,ENFN,Enfusion Inc,소프트웨어 및 IT서비스,-10.63330531927489,,,1.0978571428571429,0.3188028627195833,-0.054706209358785486,-0.4629891236829265,-0.34869594309556645,14.69960014
2022-03-30,13.32,13.91,13.14,13.22,13.22,266200,ENFN,Enfusion Inc,소프트웨어 및 IT서비스,-11.23506682355223,,,1.0892857142857142,-0.3121311475409835,-0.032142556724487494,0.10156962470751557,-0.309480563318249,14.654800139999999
2022-03-31,13.08,13.15,12.67,12.72,12.72,339800,ENFN,Enfusion Inc,소프트웨어 및 IT서비스,-12.18983313431763,,,1.0571428571428572,-0.47297297297297297,-0.01575599359890398,0.5682844804638898,-0.25688460313166467,14.61200014
2022-04-01,12.85,13.18,12.69,12.78,12.78,212200,ENFN,Enfusion Inc,소프트웨어 및 IT서비스,-11.13814333801596,,,1.035,0.05797101449275239,0.01542052589231833,-0.17614601330392957,-0.26413659141338935,14.57980014
2022-04-04,12.96,13.195,12.645,12.8,12.8,174800,ENFN,Enfusion Inc,소프트웨어 및 IT서비스,-10.778388757495183,,,1.017857142857143,0.019649122807018866,0.026990082139554433,-0.5720612716736232,-0.23170957183836502,14.561000139999999
2022-04-05,12.74,12.74,11.71,11.9,11.9,245600,ENFN,Enfusion Inc,소프트웨어 및 IT서비스,-15.000709141890523,,,1.0035714285714286,-0.8967971530249114,-0.1260031979391742,0.05891159050256367,-0.2453522494402729,14.52900014
2022-04-06,11.58,11.62,10.92,11.5,11.5,224300,ENFN,Enfusion Inc,소프트웨어 및 IT서비스,-15.856074995716785,,,0.9914285714285714,-0.4034582132564845,-0.22403321066387513,0.328803220021513,-0.2503339287922271,14.500400140000002
2022-04-07,11.43,11.48,10.96,11.27,11.27,155900,ENFN,Enfusion Inc,소프트웨어 및 IT서비스,-16.83099208988019,,,0.9725,-0.23650385604113153,-0.286214878321407,-0.5554280567611524,-0.29637152015204865,14.475000139999999
2022-04-08,11.09,11.09,10.72,10.97,10.97,238400,ENFN,Enfusion Inc,소프트웨어 및 IT서비스,-17.89447257435608,,,0.9582142857142857,-0.31308237048080395,-0.28186034753241324,-0.11064323940970447,-0.2790722292089104,14.45220014
2022-04-11,10.68,11.075,10.29,10.87,10.87,228400,ENFN,Enfusion Inc,소프트웨어 및 IT서비스,-16.418777033924016,,,0.9528571428571427,-0.10494752623688307,-0.31747210092623307,1.1513750027775889,-0.18447139650133051,14.430400140000001
2022-04-12,11.12,11.69,10.9,11.31,11.31,261000,ENFN,Enfusion Inc,소프트웨어 및 IT서비스,-12.168512524388497,,,0.9507142857142856,0.4628099173553733,-0.24872828616554857,0.7032615018089532,-0.14354945688386128,14.380400139999999
2022-04-13,11.33,11.92,11.23,11.89,11.89,91800,ENFN,Enfusion Inc,소프트웨어 및 IT서비스,-7.895397648786561,,,0.9528571428571427,0.6086956521739132,-0.22282893060960704,-0.17765501826191255,-0.12126732642805824,14.33720014
2022-04-14,11.94,11.94,11.23,11.41,11.41,270300,ENFN,Enfusion Inc,소프트웨어 및 IT서비스,-9.341313247416883,,,0.7439285714285713,-0.6452232357177156,-0.09309931112539152,0.19514971806418124,0.08871338192233962,14.28780014
2022-04-18,11.32,11.59,10.95,11.41,11.41,124900,ENFN,Enfusion Inc,소프트웨어 및 IT서비스,-7.9425611624264985,,,0.7139285714285712,0.0,-0.13694199326594608,0.014289830962201017,0.07619444615822554,14.251400140000001
2022-04-19,11.46,12.75,11.35,12.69,12.69,307100,ENFN,Enfusion Inc,소프트웨어 및 IT서비스,1.7333427307046678,,,0.7546428571428571,1.6961665877898715,-0.03855887004663978,0.5995187044526489,0.15208786245362377,14.22540014
2022-04-20,12.77,13.229,12.4,12.83,12.83,473300,ENFN,Enfusion Inc,소프트웨어 및 IT서비스,3.937111575765462,,,0.7588571428571428,0.18448795180722968,-0.003086077236053136,0.22792337863137094,0.16111313059104201,14.195400139999999
2022-04-21,13.04,13.34,12.5,12.53,12.53,331200,ENFN,Enfusion Inc,소프트웨어 및 IT서비스,3.992681294485334,,,0.7795714285714285,-0.3848268279274336,0.003210075981485388,0.5894990921041566,0.16262845999391823,14.13720014
2022-04-22,12.44,13.0,12.26,12.59,12.59,207200,ENFN,Enfusion Inc,소프트웨어 및 IT서비스,8.301042245215173,,,0.7974285714285713,0.075241848799714,0.004443707003411222,1.7314811747469951,0.29888754485469854,14.06340012
2022-04-25,12.5,13.33,12.4,13.14,13.14,197400,ENFN,Enfusion Inc,소프트웨어 및 IT서비스,11.774653757749443,,,0.8245714285714284,0.667013167013168,0.05068399587527902,0.3526983833944261,0.36494180593098774,13.9988001
2022-04-26,13.09,13.09,12.185,12.32,12.32,200200,ENFN,Enfusion Inc,소프트웨어 및 IT서비스,7.709238576703625,,,0.8149285714285712,-1.0062231571566314,0.042867852723013314,0.497287553007415,0.3962543746813343,13.922000099999998
2022-04-27,12.38,12.68,11.91,12.27,12.27,178100,ENFN,Enfusion Inc,소프트웨어 및 IT서비스,7.037915347489254,,,0.7999285714285712,-0.06250558085543442,0.06722161218023116,-0.17116051588610937,0.3605426792593613,13.82680008
2022-04-28,12.36,13.15,12.165,13.09,13.09,219500,ENFN,Enfusion Inc,소프트웨어 및 IT서비스,11.067367035738407,,,0.8317142857142856,0.9859154929577469,0.15453727996586533,-0.24012495143328816,0.38306432963992304,13.751400059999998
2022-04-29,13.04,13.3,12.71,12.77,12.77,139300,ENFN,Enfusion Inc,소프트웨어 및 IT서비스,11.856193269074588,,,0.8345714285714285,-0.3834303320780558,0.14951242556606165,1.2922970243059335,0.48327434847675427,13.662800040000002
2022-05-02,12.79,13.6,12.54,13.53,13.53,269700,ENFN,Enfusion Inc,소프트웨어 및 IT서비스,16.903744208954507,,,0.8542142857142857,0.8897064971987622,0.2205591415257506,0.6423319658986388,0.4469141315568293,13.60240006
2022-05-03,13.44,13.51,12.81,13.03,13.03,137500,ENFN,Enfusion Inc,소프트웨어 및 IT서비스,11.386845378362743,,,0.8470714285714285,-0.5902689940129859,0.14533921928515348,-0.8083283227307538,0.3389434298039931,13.55260006
2022-05-04,13.04,13.57,12.46,13.5,13.5,165600,ENFN,Enfusion Inc,소프트웨어 및 IT서비스,11.048245609428054,,,0.8770714285714284,0.5358742568613087,0.14013769104853888,-0.7217953189614862,0.3000762654683093,13.49880004
2022-05-05,13.28,13.28,12.6,12.83,12.83,138800,ENFN,Enfusion Inc,소프트웨어 및 IT서비스,8.4266682165818,,,0.8906428571428571,-0.7522656187344614,0.13249180654734277,0.6667254196870431,0.3337602441556565,13.45780004
2022-05-06,12.66,12.76,12.03,12.33,12.33,139000,ENFN,Enfusion Inc,소프트웨어 및 IT서비스,3.9109437282329518,,,0.9020714285714285,-0.5542798321323937,0.09290038996645751,-0.34341497939057386,0.30820990055902975,13.386200039999999
2022-05-09,12.05,12.12,11.08,11.28,11.28,232800,ENFN,Enfusion Inc,소프트웨어 및 IT서비스,-2.439209853266344,,,0.8913571428571428,-1.1779790047279437,-0.11239572378481502,-0.04317778760559676,0.2623030082691551,13.28300002
2022-05-10,11.74,11.74,10.62,11.21,11.21,343500,ENFN,Enfusion Inc,소프트웨어 및 IT서비스,-3.8438693367736088,,,0.9121428571428573,-0.07674236491777439,-0.1310550321223153,-0.15749162293436075,0.23477336530017423,13.17540002
2022-05-11,11.14,11.23,10.04,10.09,10.09,331700,ENFN,Enfusion Inc,소프트웨어 및 IT서비스,-11.99025569153871,,,0.9371428571428574,-1.195121951219513,-0.18893325521460666,-0.6503005573104135,0.14621624748484782,13.05560002
2022-05-12,9.99,10.239,9.635,10.0,10.0,414600,ENFN,Enfusion Inc,소프트웨어 및 IT서비스,-12.467576859937491,,,0.9274285714285717,-0.09704251386321608,-0.20123928111910172,-0.05435368897827989,0.01865661436161387,12.9332
2022-05-13,9.74,9.74,7.8,8.4,8.4,1612700,ENFN,Enfusion Inc,소프트웨어 및 IT서비스,-27.551353838492677,,,1.0181428571428575,-1.5714887049249324,-0.3611322719718232,-2.351787754522393,-0.1745209669181589,12.788999999999998
2022-05-16,8.38,9.55,7.81,9.05,9.05,655400,ENFN,Enfusion Inc,소프트웨어 및 IT서비스,-21.170715421268017,,,1.074214285714286,0.6050934237648782,-0.24603823047742962,0.741945947648227,-0.15704536730095806,12.668200000000002
2022-05-17,9.28,9.67,8.87,9.34,9.34,343400,ENFN,Enfusion Inc,소프트웨어 및 IT서비스,-19.466458872107506,,,1.0763571428571432,0.26942730108169,-0.22232873891049218,-0.4251559853701651,-0.17518790083553348,12.5646
2022-05-18,9.21,9.385,8.49,8.75,8.75,202500,ENFN,Enfusion Inc,소프트웨어 및 IT서비스,-20.470693764292236,,,1.0699285714285718,-0.5514386808198141,-0.3321397513231751,0.823456873677571,-0.09921777047047207,12.458999999999998
2022-05-19,8.71,9.44,8.71,9.09,9.09,480400,ENFN,Enfusion Inc,소프트웨어 및 IT서비스,-16.115497113403265,,,1.0799285714285716,0.31483563727759756,-0.2822636106549141,0.5166331571831749,-0.154622332407812,12.345999999999998
2022-05-20,9.28,9.515,8.91,9.51,9.51,368100,ENFN,Enfusion Inc,소프트웨어 및 IT서비스,-11.440126685894459,,,1.0474285714285716,0.40098199672667745,-0.3171725035457773,0.3960366169101238,-0.17221485733556308,12.2568
2022-05-23,9.6,10.28,9.5,10.26,10.26,402900,ENFN,Enfusion Inc,소프트웨어 및 IT서비스,-5.377182671469816,,,1.051714285714286,0.7131214343928278,-0.22407318723107636,0.09565576073797277,-0.10764456565922545,12.198799999999999
2022-05-24,10.17,10.46,9.73,10.03,10.03,465000,ENFN,Enfusion Inc,소프트웨어 및 IT서비스,-6.041969675436631,,,1.024571428571429,-0.22448410485220335,-0.27838449878204147,0.06123763998334622,-0.05171364002030886,12.1446
2022-05-25,9.88,10.27,9.88,10.21,10.21,192500,ENFN,Enfusion Inc,소프트웨어 및 IT서비스,-4.605818620431512,15.948266700000001,,0.9881428571428573,0.18215989590863238,-0.21163981916467764,-0.1747068934166969,-0.11181594809914742,12.097000000000001
2022-05-26,10.27,10.78,10.255,10.49,10.49,194300,ENFN,Enfusion Inc,소프트웨어 및 IT서비스,-3.0573156831135706,15.886133373333331,-0.031066663333334965,0.9717142857142858,0.2881505439576588,-0.15146622087253106,-0.46632635363588293,-0.12059533197381235,12.03
2022-05-27,10.66,11.3,10.66,11.13,11.13,275900,ENFN,Enfusion Inc,소프트웨어 및 IT서비스,1.1588925424073304,15.827533373333333,-0.029299999999999216,0.9402857142857144,0.6806441810999702,-0.0187074218848229,-0.30869404338041806,-0.13956077881487103,11.9564
2022-05-31,11.04,11.12,10.59,10.95,10.95,533000,ENFN,Enfusion Inc,소프트웨어 및 IT서비스,1.3115816061616492,15.756466699999997,-0.035533336666667914,0.8988571428571429,-0.20025429116338372,-0.027529702330937853,0.0656713045763731,-0.12362056970696146,11.866800000000001
2022-06-01,10.92,11.15,10.31,10.46,10.46,348000,ENFN,Enfusion Inc,소프트웨어 및 IT서비스,-1.4179487560146309,15.690866706666666,-0.03279999666666544,0.8738571428571429,-0.5607323851561204,0.017783838102161616,-0.2391235422220011,-0.09425078291493201,11.774399999999998
2022-06-02,10.5,11.36,10.45,11.09,11.09,184200,ENFN,Enfusion Inc,소프트웨어 및 IT서비스,3.597664821735025,15.632066706666668,-0.029399999999998983,0.8957142857142857,0.7033492822966496,0.07495468068500917,-0.08452022003821602,-0.09640553513349888,11.6872
2022-06-03,10.86,11.136,10.8,11.05,11.05,242900,ENFN,Enfusion Inc,소프트웨어 및 IT서비스,5.773935695521604,15.567466706666668,-0.03230000000000022,0.7625714285714285,-0.05245410266017124,0.18345715227534926,0.6758417917525387,0.11985371817185338,11.6082
2022-06-06,11.18,11.437,10.844,11.04,11.04,256600,ENFN,Enfusion Inc,소프트웨어 및 IT서비스,5.99720093860272,15.503533380000002,-0.03196666333333287,0.6806428571428569,-0.014691992863891482,0.13918676537329427,-0.15241668713914822,0.055970672829898004,11.5246
2022-06-07,10.74,10.89,9.97,10.49,10.49,669200,ENFN,Enfusion Inc,소프트웨어 및 IT서비스,0.3720605187764514,15.436800046666667,-0.033366666666667655,0.699928571428571,-0.7857944688233482,0.06381378180864868,-1.2045348194349106,0.0003007561109876132,11.4838
2022-06-08,10.48,11.2,10.405,11.15,11.15,142200,ENFN,Enfusion Inc,소프트웨어 및 IT서비스,8.050636489364994,15.368866713333334,-0.033966666666666256,0.6927857142857139,0.9526755335601615,0.1712505114072184,1.4815597097579083,0.04730810154529742,11.4426
2022-06-09,10.93,11.16,10.28,10.49,10.49,577000,ENFN,Enfusion Inc,소프트웨어 및 IT서비스,4.035910780217544,15.298800046666665,-0.03503333333333458,0.7034999999999998,-0.9381663113006401,0.08175037222305852,0.1845987222990223,0.023591356196429374,11.381200000000002
2022-06-10,10.54,10.54,9.65,10.16,10.16,542400,ENFN,Enfusion Inc,소프트웨어 및 IT서비스,3.6602108481240236,15.223666713333335,-0.03756666666666497,0.7238571428571425,-0.45589105979869776,0.020545153899817453,0.9019438058447116,0.059727583977471355,11.32
2022-06-13,9.65,10.04,9.07,9.35,9.35,331300,ENFN,Enfusion Inc,소프트웨어 및 IT서비스,-1.5520096679112472,15.142333386666666,-0.040666663333334796,0.7459999999999997,-1.0857908847184998,-0.1079485831795631,0.5529778076338485,0.0923934444700339,11.2526
2022-06-14,9.39,9.54,9.22,9.37,9.37,334600,ENFN,Enfusion Inc,소프트웨어 및 IT서비스,-1.4548168722188781,15.054466726666666,-0.04393332999999977,0.7167142857142853,0.027905122583216483,-0.08992078121989025,0.18440097087236784,0.10119082524782116,11.1844
2022-06-15,9.47,10.0,9.38,9.86,9.86,628300,ENFN,Enfusion Inc,소프트웨어 및 IT서비스,1.5739551156225495,14.970466733333332,-0.041999996666667094,0.7338571428571425,0.6677048861203042,-0.05523899620477084,0.0837284579249783,0.11965049320079794,11.125600000000002
2022-06-16,9.56,9.86,8.86,9.2,9.2,584600,ENFN,Enfusion Inc,소프트웨어 및 IT서비스,-2.570842897722647,14.88206674,-0.04419999666666552,0.7645714285714283,-0.86322869955157,-0.1374803707411443,0.40464384609142423,0.18186265032417706,11.071599999999998
2022-06-17,9.22,10.03,9.22,9.93,9.93,469600,ENFN,Enfusion Inc,소프트웨어 및 IT서비스,4.176859943089917,14.798133406666668,-0.041966666666666264,0.7659999999999998,0.9530026109660582,-0.11802619717928088,0.8681055489961226,0.2659197640653585,11.0402
2022-06-21,10.11,10.38,9.91,10.2,10.2,325000,ENFN,Enfusion Inc,소프트웨어 및 IT서비스,3.9085261751039324,14.713200066666666,-0.04246667000000137,0.7609999999999998,0.35479632063074856,-0.07837972490827143,-0.5629605402488584,0.22101748943498484,11.018799999999999
2022-06-22,10.11,10.43,9.93,10.0,10.0,516700,ENFN,Enfusion Inc,소프트웨어 및 IT서비스,1.8520947851302205,14.6271334,-0.04303333333333281,0.7367142857142854,-0.27147566414582036,-0.05771853055039285,-0.22116465626232518,0.2223002670035331,10.999399999999998
2022-06-23,10.05,10.64,10.05,10.4,10.4,473200,ENFN,Enfusion Inc,소프트웨어 및 IT서비스,4.535305081273777,14.546000066666666,-0.04056666666666686,0.7174285714285712,0.5575467941059346,-0.0681329939925868,0.17727477878771436,0.24099990977681385,10.99
2022-06-24,10.46,11.38,10.46,11.22,11.22,991300,ENFN,Enfusion Inc,소프트웨어 및 IT서비스,8.805749308568323,14.478000066666667,-0.03399999999999981,0.7634285714285713,1.0741017964071862,0.012335284512224447,-0.12077805111575945,0.1840984924290783,10.988199999999999
2022-06-27,11.21,11.21,10.76,11.04,11.04,353100,ENFN,Enfusion Inc,소프트웨어 및 IT서비스,6.881623216397137,14.409466733333332,-0.034266666666667334,0.7539285714285714,-0.23874940786357376,-0.003668816559181431,-0.11697690999923521,0.1866299050819292,10.971200000000001
2022-06-28,11.09,11.37,10.48,10.55,10.55,344800,ENFN,Enfusion Inc,소프트웨어 및 IT서비스,4.072307172283707,14.33666674,-0.036399996666665935,0.7410714285714286,-0.6612048192771063,0.005230444122692991,0.13686829822621605,0.2824444134862954,10.954
2022-06-29,10.56,10.58,10.29,10.51,10.51,211900,ENFN,Enfusion Inc,소프트웨어 및 IT서비스,3.5520846599527367,14.27386674,-0.03139999999999965,0.7050000000000001,-0.05673758865248357,-0.06687049317821023,-0.028781473212027245,0.1745629004170143,10.936
2022-06-30,10.33,10.35,9.61,10.21,10.21,278500,ENFN,Enfusion Inc,소프트웨어 및 IT서비스,1.2057686793508715,14.223266746666665,-0.025299996666667823,0.7064285714285715,-0.42467138523761216,-0.030192284173708235,-0.07532476170328867,0.15599693727399205,10.886400000000002
2022-07-01,10.15,10.59,10.08,10.47,10.47,224500,ENFN,Enfusion Inc,소프트웨어 및 IT서비스,2.5415923550798913,14.170733413333334,-0.02626666666666555,0.6792857142857144,0.38275499474237606,0.029711005436368464,-0.04728929510524421,0.08819457292042379,10.8392
2022-07-05,10.24,10.88,10.06,10.88,10.88,245600,ENFN,Enfusion Inc,소프트웨어 및 IT서비스,6.090080443894386,14.122266746666668,-0.024233333333333107,0.6600000000000001,0.6212121212121213,0.15163979157427,0.5519084323426208,0.08811818897105039,10.8062
2022-07-06,10.9,11.52,10.75,11.19,11.19,297800,ENFN,Enfusion Inc,소프트웨어 및 IT서비스,8.256175413659793,14.066133406666667,-0.028066670000000293,0.6921428571428574,0.4478844169246626,0.18163831259865898,0.289900737732093,0.09565388660388792,10.7782
2022-07-07,11.12,11.65,11.12,11.36,11.36,488200,ENFN,Enfusion Inc,소프트웨어 및 IT서비스,7.5013723202743465,14.012800066666665,-0.02666667000000089,0.6850000000000003,0.24817518248175163,0.1516719051959052,-0.4442027101402165,0.05794451745637399,10.7426
2022-07-08,11.26,11.42,10.91,11.24,11.24,95500,ENFN,Enfusion Inc,소프트웨어 및 IT서비스,6.114375776043746,13.956666733333334,-0.028066666666665796,0.6500000000000002,-0.18461538461538335,0.2001442848342043,-0.14191689653411266,0.018904464411692783,10.721000000000002
2022-07-11,11.14,11.14,10.62,10.89,10.89,188900,ENFN,Enfusion Inc,소프트웨어 및 IT서비스,3.600119006985003,13.904200066666666,-0.026233333333333775,0.6350000000000003,-0.5511811023622039,0.0927025910250427,0.051752244479355336,-0.039406485910933445,10.693399999999999
2022-07-12,10.83,11.0,10.29,10.55,10.55,332700,ENFN,Enfusion Inc,소프트웨어 및 IT서비스,1.009233119069286,13.849933393333334,-0.027133336666666175,0.6521428571428575,-0.5213581599123763,0.030120128129105195,-0.027463669160041337,-0.0011567094045893678,10.6426
2022-07-13,10.29,10.51,10.03,10.26,10.26,146900,ENFN,Enfusion Inc,소프트웨어 및 IT서비스,-1.6962399551917806,13.791400053333334,-0.02926667000000016,0.653571428571429,-0.44371584699453664,0.01781725792562546,-0.20453607285484085,3.1046553088084115e-05,10.592399999999998
2022-07-14,10.0,10.17,9.5,9.66,9.66,155100,ENFN,Enfusion Inc,소프트웨어 및 IT서비스,-7.234506696545296,13.722600053333332,-0.03440000000000065,0.6621428571428575,-0.9061488673139149,-0.08673243217579234,-0.7492762757325625,-0.0661511716269317,10.515
2022-07-15,9.84,10.26,9.8,10.24,10.24,137300,ENFN,Enfusion Inc,소프트웨어 및 IT서비스,-3.603445993605958,13.658866726666666,-0.0318666633333331,0.6350000000000003,0.9133858267716531,-0.09821214429261611,-0.1341108338765905,-0.06710351325270533,10.459200000000001
2022-07-18,10.4,10.57,10.33,10.5,10.5,124000,ENFN,Enfusion Inc,소프트웨어 및 IT서비스,-0.7407380810937725,13.599800053333333,-0.0295333366666668,0.625714285714286,0.4155251141552506,-0.05147824986270011,0.8596595784381382,0.0026562359213927627,10.3992
2022-07-19,10.67,10.86,10.58,10.66,10.66,97600,ENFN,Enfusion Inc,소프트웨어 및 IT서비스,-1.9476353877991737,13.54746672,-0.02616666666666667,0.5878571428571432,0.2721749696233294,0.015191735058759589,-1.207054496392621,-0.09333824940852417,10.355799999999999
2022-07-20,10.71,11.6,10.71,11.49,11.49,202100,ENFN,Enfusion Inc,소프트웨어 및 IT서비스,4.702892364634859,13.494333393333333,-0.026566663333333018,0.6342857142857145,1.3085585585585584,0.11271288843097686,0.988839823436521,-0.020651013933627862,10.338999999999999
2022-07-21,11.42,11.74,11.39,11.73,11.73,79900,ENFN,Enfusion Inc,소프트웨어 및 IT서비스,5.326146105692864,13.445133386666667,-0.02460000333333312,0.5950000000000001,0.4033613445378154,0.17185808341493597,-0.13918389146909965,-0.02521238034547151,10.347999999999999
2022-07-22,11.76,11.78,11.21,11.34,11.34,86900,ENFN,Enfusion Inc,소프트웨어 및 IT서비스,2.5578500421499673,13.387666726666666,-0.028733330000000556,0.5992857142857143,-0.6507747318236005,0.09803453151736623,-0.13012596418352596,-0.03112928527963449,10.3506
2022-07-25,11.42,11.54,11.065,11.27,11.27,98600,ENFN,Enfusion Inc,소프트웨어 및 IT서비스,1.8405952644863,13.337533386666667,-0.02506666999999929,0.5746428571428571,-0.12181479179614717,0.04496118058820419,-0.19898429351385905,-0.08476447998366876,10.3742
2022-07-26,11.23,11.23,10.74,10.91,10.91,107500,ENFN,Enfusion Inc,소프트웨어 및 IT서비스,-0.1748497577946595,13.28820006,-0.024666663333333894,0.5575,-0.6457399103139003,-0.033154842785978876,0.03639211169038714,-0.10287223898664775,10.3924
2022-07-27,10.95,11.41,10.75,11.3,11.3,174000,ENFN,Enfusion Inc,소프트웨어 및 IT서비스,0.6718882296779638,13.244866733333334,-0.021666663333332892,0.5667857142857142,0.6880907372400767,-0.0017323031603842204,-0.7582363001309876,-0.12530320970027425,10.4504
2022-07-28,11.31,11.31,11.0,11.17,11.17,117400,ENFN,Enfusion Inc,소프트웨어 및 IT서비스,-1.6628205613034797,13.195533399999999,-0.024666666666667503,0.5525,-0.23529411764706024,-0.005352212662646859,-0.8991418089172426,-0.1793907034419264,10.492799999999999
2022-07-29,11.24,11.54,10.99,11.5,11.5,65100,ENFN,Enfusion Inc,소프트웨어 및 IT서비스,-0.33148055770031437,13.14746674,-0.024033329999999076,0.5474999999999998,0.6027397260273977,0.0770707036508961,-0.1723232711428131,-0.19539609741493844,10.536000000000001
2022-08-01,11.47,11.8,11.205,11.77,11.77,156600,ENFN,Enfusion Inc,소프트웨어 및 IT서비스,2.076787791947665,13.098733406666666,-0.024366666666667314,0.539285714285714,0.5006622516556286,0.1500721616200393,0.6602326800461956,-0.14627492961449293,10.596400000000001
2022-08-02,11.68,12.21,11.68,12.07,12.07,62000,ENFN,Enfusion Inc,소프트웨어 및 IT서비스,5.173026852154927,13.048533406666667,-0.025099999999999234,0.5399999999999998,0.555555555555557,0.22144869037361745,0.9346722885582783,-0.06490290379927013,10.655999999999999
2022-08-03,12.2,13.17,12.2,12.92,12.92,237200,ENFN,Enfusion Inc,소프트웨어 및 IT서비스,10.453996730285265,13.002133413333333,-0.02319999666666739,0.5642857142857141,1.5063291139240507,0.3937685461763293,0.619083268908464,0.032837063675088894,10.724200000000002
2022-08-04,12.95,13.09,12.69,13.06,13.06,60000,ENFN,Enfusion Inc,소프트웨어 및 IT서비스,11.273961246008412,12.953666746666668,-0.02423333333333222,0.5499999999999998,0.2545454545454557,0.3467085195887437,0.3015425890607258,0.06395516531346863,10.7802
2022-08-05,12.91,13.49,12.8,13.36,13.36,108300,ENFN,Enfusion Inc,소프트웨어 및 IT서비스,13.332813136341247,12.899800073333333,-0.02693333666666753,0.5757142857142855,0.5210918114143904,0.3542489979643966,0.6234752894659935,0.04708485895831544,10.8468
2022-08-08,13.45,13.85,13.45,13.56,13.56,102400,ENFN,Enfusion Inc,소프트웨어 및 IT서비스,14.267888251898043,12.850600066666665,-0.02460000333333401,0.5849999999999999,0.3418803418803438,0.3592279531256119,0.4242700822921537,0.16360804315008506,10.913800000000002
2022-08-09,13.55,13.55,13.1,13.15,13.15,104000,ENFN,Enfusion Inc,소프트웨어 및 IT서비스,10.462563127482149,12.795933400000001,-0.0273333333333321,0.5507142857142856,-0.7444876783398189,0.21258179334715635,-0.45393882392537777,0.060552425481378014,10.967
2022-08-10,14.16,16.76,14.16,14.94,14.94,376300,ENFN,Enfusion Inc,소프트웨어 및 IT서비스,21.10086570592373,12.763400066666666,-0.01626666666666754,0.7835714285714286,2.284412032816772,0.3469425567956533,0.862986228962707,0.13213600551222135,11.043199999999999
2022-08-11,15.2,15.2,14.785,15.13,15.13,119700,ENFN,Enfusion Inc,소프트웨어 및 IT서비스,20.572211384173002,12.7409334,-0.011233333333333206,0.7725000000000001,0.24595469255663593,0.4109946585370987,0.2950265218806163,0.16250404023108864,11.126799999999998
2022-08-12,15.2,15.3,14.63,14.74,14.74,249900,ENFN,Enfusion Inc,소프트웨어 및 IT서비스,13.949092316882483,12.713066733333333,-0.013933333333333131,0.7864285714285716,-0.49591280653951014,0.38427337176971565,-1.6439497024068603,0.05929222531016,11.2124
2022-08-15,14.71,14.83,13.83,14.19,14.19,270100,ENFN,Enfusion Inc,소프트웨어 및 IT서비스,8.258245510252316,12.68300006,-0.015033336666666841,0.8200000000000002,-0.6707317073170739,0.3824882434123461,-0.9417884659448985,-0.010577815949503275,11.2744
2022-08-16,14.17,14.38,13.71,14.29,14.29,215900,ENFN,Enfusion Inc,소프트웨어 및 IT서비스,7.737347261740979,12.656933386666667,-0.013033336666666173,0.8207142857142858,0.12184508268059137,0.3420421252295257,-0.018062141965284342,0.042291766776618396,11.3392
2022-08-17,14.31,15.03,14.12,14.8,14.8,360200,ENFN,Enfusion Inc,소프트웨어 및 IT서비스,11.381512278041296,12.63106672,-0.012933333333333685,0.8635714285714287,0.5905707196029795,0.40103247074738574,1.1551536635558364,0.18902715766755263,11.4144
2022-08-18,14.87,15.45,14.845,14.99,14.99,531200,ENFN,Enfusion Inc,소프트웨어 및 IT서비스,11.540607128705659,12.60886672,-0.011099999999999888,0.8707142857142858,0.21821164889253428,0.37356617952346693,0.0335742086728302,0.20373412051152712,11.504399999999999
2022-08-19,14.75,14.81,14.07,14.33,14.33,1739100,ENFN,Enfusion Inc,소프트웨어 및 IT서비스,7.12420294326559,12.59046672,-0.009199999999999875,0.8939285714285715,-0.7383140231721934,0.28506787417862245,0.2909872695426743,0.17735944833270417,11.568
2022-08-22,14.13,14.13,12.58,12.69,12.69,420200,ENFN,Enfusion Inc,소프트웨어 및 IT서비스,-3.405653139475062,12.564266713333334,-0.013100003333333277,0.9810714285714285,-1.671641791044777,0.12598234942145575,-0.06717318487391499,0.1057990573732618,11.612
2022-08-23,12.65,12.78,11.89,11.89,11.89,393300,ENFN,Enfusion Inc,소프트웨어 및 IT서비스,-9.431070106584682,12.540466713333334,-0.0118999999999998,0.9660714285714285,-0.8280961182994444,-0.04076231002307962,-0.6549726097461421,0.014795066040789935,11.646600000000001
2022-08-24,11.8,11.89,11.46,11.59,11.59,235600,ENFN,Enfusion Inc,소프트웨어 및 IT서비스,-11.959891113039367,12.518666713333333,-0.010900000000000354,0.9682142857142856,-0.30984876429361935,-0.08107618279729926,-0.531764584137871,-0.04472687490196698,11.691399999999998
2022-08-25,11.7,11.82,11.31,11.66,11.66,295200,ENFN,Enfusion Inc,소프트웨어 및 IT서비스,-12.705525154715403,12.500466713333333,-0.009100000000000108,0.9553571428571427,0.07327102803738349,-0.1130633816099426,-0.9811898672375466,-0.15934581466650558,11.7372
2022-08-26,11.54,11.54,10.87,11.06,11.06,264100,ENFN,Enfusion Inc,소프트웨어 및 IT서비스,-14.231818782417582,12.482600046666667,-0.008933333333333238,0.9767857142857143,-0.6142595978062154,-0.18135909158755398,1.6820653003662898,-0.06950329908978156,11.761199999999999
2022-08-29,10.89,11.4,10.88,11.21,11.21,251000,ENFN,Enfusion Inc,소프트웨어 및 IT서비스,-12.379692758426696,12.46733338,-0.007633333333333603,0.9810714285714284,0.15289406625409577,-0.1172603955451315,0.5832122945708863,0.004578923659951598,11.801400000000001
2022-08-30,11.33,11.48,11.18,11.43,11.43,152200,ENFN,Enfusion Inc,소프트웨어 및 IT서비스,-9.545867407442454,12.45733338,-0.004999999999999893,0.7446428571428569,0.2954436450839314,-0.25932956609747726,1.0097074983447645,0.015059014330098557,11.831399999999999
2022-08-31,11.58,12.79,11.26,12.39,12.39,1289700,ENFN,Enfusion Inc,소프트웨어 및 IT서비스,-1.2125659088376595,12.45633338,-0.0004999999999997229,0.8242857142857141,1.1646447140381295,-0.19370885027737056,1.6628670344417045,0.11276190808446199,11.8752
2022-09-01,12.04,12.5,11.7,11.97,11.97,638700,ENFN,Enfusion Inc,소프트웨어 및 IT서비스,-4.65395554493766,12.455400046666666,-0.00046666666666705936,0.8335714285714284,-0.5038560411311054,-0.19427622417677023,-0.6947732011710825,0.18056022960130327,11.9146
2022-09-02,11.99,12.19,11.4,11.78,11.78,614300,ENFN,Enfusion Inc,소프트웨어 및 IT서비스,-4.816420223615725,12.454200046666667,-0.0005999999999994898,0.8185714285714284,-0.23211169284467875,-0.1629462231430277,0.404715228063724,0.27673906488763345,11.942199999999998
2022-09-06,11.78,12.3,11.65,12.17,12.17,591100,ENFN,Enfusion Inc,소프트웨어 및 IT서비스,-1.0076222866364004,12.443266713333333,-0.005466666666666953,0.817142857142857,0.47727272727272807,-0.13755853424358938,0.7154510150052938,0.3291328618141033,11.961200000000002
2022-09-07,12.23,13.04,12.23,12.93,12.93,554000,ENFN,Enfusion Inc,소프트웨어 및 IT서비스,3.183267226204478,12.435800046666667,-0.003733333333332922,0.8142857142857141,0.9333333333333333,-0.11307549040570695,-0.09662790292390788,0.23971989277983585,11.998999999999999
2022-09-08,12.76,13.3,12.76,13.15,13.15,255300,ENFN,Enfusion Inc,소프트웨어 및 IT서비스,4.6920635186250115,12.430933379999999,-0.0024333333333341756,0.8064285714285714,0.27280779450841536,-0.10917576571885831,-0.09207401725344883,0.23074501949938736,12.050999999999998
2022-09-09,13.37,13.38,12.6,12.6,12.6,226800,ENFN,Enfusion Inc,소프트웨어 및 IT서비스,-0.40409586241244577,12.42673338,-0.0020999999999995467,0.7964285714285715,-0.6905829596412565,-0.10576640403807712,-1.5343971070154607,0.10036042117380628,12.0928
2022-09-12,12.74,12.99,12.5,12.8,12.8,239500,ENFN,Enfusion Inc,소프트웨어 및 IT서비스,0.6506662740328517,12.418800046666666,-0.003966666666666896,0.7064285714285715,0.2831142568250773,0.03385902795262676,-0.33927888083193036,0.08092430003394806,12.1446
2022-09-13,12.29,12.92,12.29,12.86,12.86,264600,ENFN,Enfusion Inc,소프트웨어 및 IT서비스,5.747217631744261,12.409000046666666,-0.0049000000000001265,0.6878571428571431,0.08722741433021619,0.09923928028331683,2.3052644190104004,0.29236980208798674,12.1924
2022-09-14,12.91,13.31,12.73,13.1,13.1,422700,ENFN,Enfusion Inc,소프트웨어 및 IT서비스,7.356122340477023,12.393400046666667,-0.007799999999999585,0.6985714285714287,0.3435582822085892,0.1459112121763317,0.17924631406235558,0.3431562948165744,12.236799999999999
2022-09-15,12.94,13.115,12.43,12.57,12.57,177000,ENFN,Enfusion Inc,소프트웨어 및 IT서비스,4.5991879881078335,12.368666706666666,-0.012366670000000468,0.7110714285714288,-0.7453540934203906,0.08743798921506214,-0.19977529171341335,0.39897162163972677,12.2644
2022-09-16,12.38,12.62,12.12,12.51,12.51,492400,ENFN,Enfusion Inc,소프트웨어 및 IT서비스,5.313678675783118,12.342933366666665,-0.012866670000000191,0.690357142857143,-0.08691153647180619,0.12510570788180564,0.2814613771653164,0.2989284842682287,12.2874
2022-09-19,12.54,12.6,12.25,12.53,12.53,239100,ENFN,Enfusion Inc,소프트웨어 및 IT서비스,5.065170269172792,12.318733366666667,-0.012099999999999334,0.6782142857142859,0.029489204844654445,0.11629107492398841,-0.31439719238056946,0.23481352091455326,12.3132
2022-09-20,12.34,12.62,12.24,12.55,12.55,209400,ENFN,Enfusion Inc,소프트웨어 및 IT서비스,6.1063955837447725,12.288866693333333,-0.014933336666667074,0.6839285714285716,0.029242819843344005,0.09727673026394644,0.6023526025045923,0.20571674264025527,12.346400000000001
2022-09-21,12.67,12.95,12.3,12.68,12.68,226400,ENFN,Enfusion Inc,소프트웨어 및 IT서비스,8.250374964860363,12.261000019999999,-0.01393333666666674,0.6210714285714286,0.2093156986773992,0.02903894345246571,1.0265811488067644,0.16026775080918812,12.389000000000001
2022-09-22,12.64,12.64,12.17,12.2,12.2,235500,ENFN,Enfusion Inc,소프트웨어 및 IT서비스,4.282969105186241,12.22766668,-0.01666666999999933,0.6003571428571428,-0.7995240928019044,0.007919796904551493,-0.3950270040337808,0.18167819346185254,12.427800000000001
2022-09-23,11.94,12.0,11.7,11.96,11.96,141400,ENFN,Enfusion Inc,소프트웨어 및 IT서비스,3.258586867161517,12.197066686666666,-0.015299996666667148,0.5796428571428571,-0.41404805914972004,-0.005075657831522885,0.40735542564949595,0.1818667790036934,12.473799999999999
2022-09-26,11.74,12.06,11.18,11.66,11.66,222500,ENFN,Enfusion Inc,소프트웨어 및 IT서비스,0.9727225516146909,12.171333353333333,-0.012866666666666582,0.5960714285714286,-0.5032953864589587,-0.07511623738378623,-0.025443013460346664,0.12894577697043336,12.5022
2022-09-27,11.85,12.14,11.57,11.88,11.88,133400,ENFN,Enfusion Inc,소프트웨어 및 IT서비스,2.3256451636779696,12.142600013333334,-0.01436666999999936,0.5746428571428572,0.38284648850217634,-0.11443672630029744,0.47875728349295726,0.1700447188573523,12.5298
2022-09-28,11.85,12.44,11.65,12.39,12.39,207700,ENFN,Enfusion Inc,소프트웨어 및 IT서비스,3.9021293487805586,12.126000013333332,-0.008300000000001084,0.5925,0.8607594936708857,-0.07244017636012098,-0.003921976875683741,0.1763412931700498,12.564400000000001
2022-09-29,12.15,12.52,12.03,12.25,12.25,209300,ENFN,Enfusion Inc,소프트웨어 및 IT서비스,4.566576570980141,12.101600013333334,-0.0121999999999991,0.5717857142857142,-0.24484697064334893,-0.04060189143169901,0.6720258029368926,0.33394292959521793,12.579600000000001
2022-09-30,12.14,12.51,12.07,12.34,12.34,215300,ENFN,Enfusion Inc,소프트웨어 및 IT서비스,6.2461734051302065,12.074266673333334,-0.013666670000000103,0.5682142857142856,0.1583909490886233,-0.04951069912716001,0.7801204020837088,0.4139000212320493,12.5918
2022-10-03,11.65,12.03,10.825,11.49,11.49,529000,ENFN,Enfusion Inc,소프트웨어 및 IT서비스,-3.749195036595787,12.040266673333333,-0.017000000000000348,0.6314285714285713,-1.3461538461538458,-0.15189507487602158,-2.4675293001652454,0.07298618414807456,12.5948
2022-10-04,11.58,11.88,11.1,11.48,11.48,434600,ENFN,Enfusion Inc,소프트웨어 및 IT서비스,-6.5634653857189695,12.009600006666668,-0.015333333333332533,0.6457142857142857,-0.015486725663716484,-0.17754114686690056,-1.30390438719551,-0.0329531516560587,12.598999999999998
2022-10-05,11.14,11.48,11.0,11.14,11.14,383600,ENFN,Enfusion Inc,소프트웨어 및 IT서비스,-8.718870275726509,11.9764,-0.016600003333334,0.6310714285714285,-0.538766270514997,-0.16278487380222958,-0.45210425076089417,-0.05097664873087875,12.603599999999998
2022-10-06,11.14,11.52,11.12,11.32,11.32,113400,ENFN,Enfusion Inc,소프트웨어 및 IT서비스,-5.905574431938232,11.947799999999999,-0.014300000000000423,0.6239285714285714,0.2884945621064678,-0.13597015247521002,0.7295722445908666,-0.01896872962905374,12.604000000000001
2022-10-07,11.19,11.27,10.73,10.91,10.91,237200,ENFN,Enfusion Inc,소프트웨어 및 IT서비스,-6.555014133150361,11.919933333333333,-0.013933333333333131,0.6410714285714285,-0.6395543175487468,-0.18375897550331008,0.4966129124492513,0.03896056357307631,12.598799999999999
2022-10-10,10.91,10.93,10.405,10.58,10.58,139200,ENFN,Enfusion Inc,소프트웨어 및 IT서비스,-8.433030229818606,11.893666666666666,-0.01313333333333322,0.6514285714285715,-0.5065789473684211,-0.22203195887557903,-0.2092005622843779,-0.01900751962613584,12.5804
2022-10-11,10.39,10.69,10.2,10.41,10.41,256400,ENFN,Enfusion Inc,소프트웨어 및 IT서비스,-8.786462490588843,11.869533333333333,-0.01206666666666667,0.6400000000000002,-0.2656249999999998,-0.25595629449539326,0.0005927302287510039,-0.09229240666742253,12.553199999999999
2022-10-12,10.55,10.565,10.17,10.36,10.36,217700,ENFN,Enfusion Inc,소프트웨어 및 IT서비스,-8.314282824721253,11.840333333333335,-0.014599999999998836,0.6317857142857145,-0.0791407574901085,-0.2045003419731221,0.055121156069902214,-0.06013896666001658,12.519
2022-10-13,9.97,11.13,9.82,11.1,11.1,356000,ENFN,Enfusion Inc,소프트웨어 및 IT서비스,-3.951424951867566,11.821200000000001,-0.009566666666667167,0.6896428571428573,1.0730191610564475,-0.09828125481553873,0.08402562971752425,-0.08323395208372886,12.4826
2022-10-14,11.2,11.29,10.9,11.0,11.0,139400,ENFN,Enfusion Inc,소프트웨어 및 IT서비스,-2.2618826295164873,11.806799999999999,-0.007200000000000983,0.6546428571428572,-0.1527550463720671,-0.07324265909504647,0.7306616619244595,-0.029226475270528407,12.441400000000002
2022-10-17,10.99,11.84,10.99,11.75,11.75,231600,ENFN,Enfusion Inc,소프트웨어 및 IT서비스,1.7382945234029723,11.8002,-0.0032999999999994145,0.6746428571428572,1.1116993118051879,-0.02118174314483136,0.15512464347790755,-0.052343092414460536,12.4092
2022-10-18,12.06,12.42,11.76,11.83,11.83,219900,ENFN,Enfusion Inc,소프트웨어 및 IT서비스,1.3941138993429636,11.795133333333332,-0.0025333333333339425,0.6660714285714286,0.12010723860589821,-0.07408547564947333,-0.3071109854152203,-0.07399945016728458,12.374599999999997
2022-10-19,11.65,11.715,11.4,11.68,11.68,174800,ENFN,Enfusion Inc,소프트웨어 및 IT서비스,1.0787042662005808,11.780733333333334,-0.007199999999999207,0.6617857142857143,-0.22665947112790122,-0.07278636854122707,0.034455240090381783,-0.11954020465632106,12.3452
2022-10-20,11.71,12.65,11.71,12.13,12.13,181800,ENFN,Enfusion Inc,소프트웨어 및 IT서비스,5.708577233176149,11.762866666666666,-0.008933333333334126,0.6996428571428572,0.6431852986217472,-0.03815820071743249,0.9540812362478833,-0.10711443078745145,12.289000000000001
2022-10-21,12.13,12.43,11.88,12.36,12.36,151100,ENFN,Enfusion Inc,소프트웨어 및 IT서비스,5.12396323493951,11.742400000000002,-0.010233333333331984,0.6307142857142857,0.364665911664777,0.08404321055532628,-0.5572192429959024,0.029336287581787326,12.233600000000001
2022-10-24,12.47,12.605,12.08,12.48,12.48,187800,ENFN,Enfusion Inc,소프트웨어 및 IT서비스,4.737062544128934,11.725066666666667,-0.008666666666667489,0.6124999999999999,0.19591836734694043,0.09914357434180178,-0.2931804714663401,0.10153085299101375,12.188400000000001
2022-10-25,12.52,13.61,12.52,13.3,13.3,344100,ENFN,Enfusion Inc,소프트웨어 및 IT서비스,9.502135595167282,11.710733333333332,-0.007166666666667432,0.6589285714285713,1.2444444444444451,0.2265157682674762,0.5568064972023561,0.17359590641696018,12.1706
2022-10-26,13.28,13.61,13.045,13.24,13.24,387100,ENFN,Enfusion Inc,소프트웨어 및 IT서비스,9.602028680758368,11.699,-0.0058666666666660205,0.6707142857142855,-0.08945686900958544,0.19951923747347242,0.22707488322385222,0.13770323774788776,12.1496
2022-10-27,13.33,13.68,13.315,13.42,13.42,85900,ENFN,Enfusion Inc,소프트웨어 및 IT서비스,11.489376779858018,11.687000000000001,-0.005999999999999339,0.6599999999999998,0.2727272727272724,0.26468220820747373,0.5460760745088384,0.14123632075214396,12.122
2022-10-28,13.53,13.73,13.45,13.62,13.62,129100,ENFN,Enfusion Inc,소프트웨어 및 IT서비스,10.344427161465198,11.694266666666666,0.003633333333332267,0.644642857142857,0.31024930747922336,0.32302708355373405,-0.759198716540473,0.10195073830528002,12.0946
2022-10-31,13.58,14.345,13.58,14.17,14.17,534200,ENFN,Enfusion Inc,소프트웨어 및 IT서비스,14.691058376188359,11.700666666666667,0.0032000000000005357,0.664285714285714,0.8279569892473132,0.4011400827856851,1.1691952784647928,0.18542234889356873,12.0914
2022-11-01,14.55,14.55,13.49,13.75,13.75,185300,ENFN,Enfusion Inc,소프트웨어 및 IT서비스,10.816568050162733,11.701933333333333,0.0006333333333330415,0.7117857142857141,-0.5900652282990467,0.36464547772790373,-0.4088146143255559,0.15228407957960743,12.1126
2022-11-02,13.61,13.67,12.72,12.75,12.75,204400,ENFN,Enfusion Inc,소프트웨어 및 IT서비스,4.665683489486616,11.6988,-0.001566666666666272,0.6917857142857141,-1.4455343314403721,0.18474879969241662,-0.29043750933005574,0.1255367125047803,12.1298
2022-11-03,12.46,12.92,12.3,12.84,12.84,206100,ENFN,Enfusion Inc,소프트웨어 및 IT서비스,5.832218551456303,11.6996,0.00039999999999995595,0.7082142857142856,0.12708018154311632,0.20473703025778686,0.6346737447616418,0.11868043270743618,12.1548
2022-11-04,13.04,13.04,12.28,12.68,12.68,210900,ENFN,Enfusion Inc,소프트웨어 및 IT서비스,2.534893402129801,11.698933333333333,-0.0003333333333337407,0.7017857142857141,-0.22798982188295192,0.10904494928006259,-0.8855661862216653,0.04434537344318098,12.1752
2022-11-07,12.75,12.79,12.27,12.72,12.72,172600,ENFN,Enfusion Inc,소프트웨어 및 IT서비스,1.2420951685663484,11.6984,-0.0002666666666666373,0.6910714285714283,0.05788113695090575,0.1046002277332774,-0.42870538410580716,0.0356600592509962,12.208400000000001
2022-11-08,12.87,12.925,12.395,12.59,12.59,194700,ENFN,Enfusion Inc,소프트웨어 및 IT서비스,-0.9330192526786574,11.703000000000001,0.002300000000000857,0.6982142857142856,-0.18618925831202163,0.10749095722012594,-0.4692370585219563,-0.000317962078456524,12.235999999999999
2022-11-09,12.62,12.62,12.21,12.24,12.24,206300,ENFN,Enfusion Inc,소프트웨어 및 IT서비스,-2.1870068569616263,11.707933333333333,0.002466666666665951,0.6582142857142854,-0.5317417254476394,0.02356759835802689,0.5204150937798829,-0.031294115111885124,12.2522
2022-11-10,12.99,13.42,12.39,13.05,13.05,239000,ENFN,Enfusion Inc,소프트웨어 및 IT서비스,-1.5951591119230502,11.7198,0.005933333333333124,0.7032142857142855,1.1518537328593206,0.07979529987192287,-1.361169145203361,-0.08871910812670358,12.265400000000001
2022-11-11,13.77,14.61,12.15,13.84,13.84,1693900,ENFN,Enfusion Inc,소프트웨어 및 IT서비스,2.7989241233604023,11.738933333333334,0.009566666666667167,0.8414285714285711,0.9388794567062813,0.13286394911187577,0.4919456510560155,-0.0326386708036782,12.3028
2022-11-14,13.35,13.94,13.11,13.77,13.77,679000,ENFN,Enfusion Inc,소프트웨어 및 IT서비스,2.766886194949647,11.758266666666668,0.009666666666666934,0.8199999999999997,-0.08536585365853697,0.03787749924737705,0.3557963529432193,-0.0469965382507594,12.342600000000003
2022-11-15,14.04,14.27,13.78,13.99,13.99,357600,ENFN,Enfusion Inc,소프트웨어 및 IT서비스,3.013099011746845,11.776133333333334,0.008933333333333238,0.8153571428571427,0.26982041173894084,0.06354016215798608,-0.15144872972804974,-0.07403393917589526,12.378999999999998
2022-11-16,13.7,13.7,13.265,13.38,13.38,323200,ENFN,Enfusion Inc,소프트웨어 및 IT서비스,-0.9773671127211836,11.786066666666665,0.0049666666666654535,0.8357142857142855,-0.7299145299145294,-0.008077109459285485,-0.3207590559361107,-0.13595073420767734,12.388
2022-11-17,13.03,13.06,11.97,12.31,12.31,315400,ENFN,Enfusion Inc,소프트웨어 및 IT서비스,-8.359084749834745,11.792066666666667,0.003000000000001002,0.914285714285714,-1.1703125000000005,-0.11383152427923005,-1.0119561052583406,-0.15400483340181073,12.371200000000002
2022-11-18,12.63,12.76,12.34,12.47,12.47,174100,ENFN,Enfusion Inc,소프트웨어 및 IT서비스,-7.405184890115324,11.799133333333332,0.0035333333333325,0.891785714285714,0.17941529835802986,-0.1601559307713217,-0.062403957223548495,-0.24197620737954942,12.3686
2022-11-21,12.39,12.62,12.18,12.51,12.51,235100,ENFN,Enfusion Inc,소프트웨어 및 IT서비스,-6.581821980019409,11.797933333333333,-0.0005999999999994898,0.8474999999999996,0.047197640117993114,-0.11463715445581887,0.25228487185041226,-0.1947548155098374,12.3628
2022-11-22,12.58,12.58,12.02,12.49,12.49,175900,ENFN,Enfusion Inc,소프트웨어 및 IT서비스,-7.5353028062373095,11.795666666666666,-0.0011333333333336526,0.8139285714285711,-0.024572180781043805,-0.013139857980152558,-0.7976042000363169,-0.23098100770314176,12.3554
2022-11-23,12.49,12.75,12.46,12.7,12.7,144800,ENFN,Enfusion Inc,소프트웨어 및 IT서비스,-6.1120760575221755,11.7968,0.0005666666666668263,0.7903571428571425,0.2657026660641652,-0.0032382519429347795,-0.08509999361427922,-0.28239341758713615,12.3474
2022-11-25,12.57,12.76,12.515,12.61,12.61,42400,ENFN,Enfusion Inc,소프트웨어 및 IT서비스,-6.202622248555811,11.796933333333335,6.666666666799159e-05,0.7535714285714282,-0.11943127962085295,0.004515929647215146,-0.10110481598789683,-0.22636046257043838,12.348199999999999
2022-11-28,12.6,12.7,12.24,12.3,12.3,102000,ENFN,Enfusion Inc,소프트웨어 및 IT서비스,-6.529741527972222,11.791333333333334,-0.00280000000000058,0.7492857142857139,-0.41372735938989363,-0.029170391519984813,0.5623148995010105,-0.1555732994556657,12.344000000000001
2022-11-29,11.88,11.88,10.16,10.23,10.23,770900,ENFN,Enfusion Inc,소프트웨어 및 IT서비스,-20.85501924831806,11.7774,-0.00696666666666701,0.8642857142857139,-2.395041322314051,-0.1869455389487012,-2.292066846957361,-0.2857754272010517,12.298
2022-11-30,10.25,10.435,9.22,9.55,9.55,1087200,ENFN,Enfusion Inc,소프트웨어 및 IT서비스,-26.96391741396352,11.759266666666667,-0.009066666666666556,0.921785714285714,-0.7376985664471134,-0.20165674187723504,-2.6106274938930127,-0.5094213263205443,12.238
2022-12-01,9.47,10.14,9.47,9.95,9.95,456100,ENFN,Enfusion Inc,소프트웨어 및 IT서비스,-22.692344925874576,11.738333333333333,-0.010466666666666846,0.8853571428571426,0.4517950786607488,-0.25166093146284735,0.5174025655119204,-0.3752376326980241,12.183399999999999
2022-12-02,9.86,10.08,9.64,9.67,9.67,280100,ENFN,Enfusion Inc,소프트웨어 및 IT서비스,-23.47297827199849,11.717666666666666,-0.010333333333333528,0.7410714285714283,-0.3778313253012041,-0.3457117016062391,-0.2872365484860085,-0.430893504093883,12.1328
2022-12-05,9.65,9.75,9.33,9.53,9.53,208100,ENFN,Enfusion Inc,소프트웨어 및 IT서비스,-21.975174565780943,11.691,-0.013333333333332753,0.711785714285714,-0.19668840943301644,-0.3536633127329877,1.0990258500830528,-0.3778056828696092,12.084200000000001
2022-12-06,9.49,9.49,9.19,9.32,9.32,217000,ENFN,Enfusion Inc,소프트웨어 및 IT서비스,-21.32182367430663,11.666266666666667,-0.012366666666666859,0.7003571428571426,-0.2998470168281477,-0.39435384334492257,0.7145373982699352,-0.31594953086975314,12.0374
2022-12-07,9.32,9.52,9.23,9.52,9.52,196200,ENFN,Enfusion Inc,소프트웨어 및 IT서비스,-18.302643610360782,11.639733333333334,-0.013266666666666538,0.6692857142857139,0.29882604055496176,-0.3208723740256732,0.42854392120540313,-0.2624278896453593,11.9902
2022-12-08,9.56,9.69,9.13,9.26,9.26,328500,ENFN,Enfusion Inc,소프트웨어 및 IT서비스,-19.8706979945818,11.615933333333334,-0.0118999999999998,0.6085714285714282,-0.4272300469483567,-0.2677950559505558,-0.9581910999379148,-0.25858753212247176,11.9276
2022-12-09,9.23,9.44,9.22,9.34,9.34,232800,ENFN,Enfusion Inc,소프트웨어 및 IT서비스,-17.26836385375874,11.595999999999998,-0.009966666666668011,0.5921428571428567,0.1351025331724972,-0.27096025346380814,0.6577631618104824,-0.20714702362004095,11.8694
2022-12-12,9.34,9.53,8.98,9.06,9.06,284900,ENFN,Enfusion Inc,소프트웨어 및 IT서비스,-19.194668480850417,11.5812,-0.007399999999998741,0.5999999999999995,-0.46666666666666595,-0.3076648468055695,-1.44418636054393,-0.32832354021963683,11.8038
2022-12-13,9.52,10.13,9.52,9.57,9.57,440300,ENFN,Enfusion Inc,소프트웨어 및 IT서비스,-13.57361603452677,11.570266666666667,-0.005466666666666953,0.6364285714285709,0.8013468013468017,-0.24867063379643764,0.3272787340591137,-0.24797475921282036,11.765400000000001
2022-12-14,9.57,9.955,9.39,9.55,9.55,457200,ENFN,Enfusion Inc,소프트웨어 및 IT서비스,-11.437594011471997,11.566666666666666,-0.0018000000000002458,0.6560714285714281,-0.030484485574305307,-0.2698268589134713,0.3429751149072447,-0.21739796574699724,11.7268
2022-12-15,9.3,9.58,9.24,9.31,9.31,355900,ENFN,Enfusion Inc,소프트웨어 및 IT서비스,-9.802295476970135,11.562066666666666,-0.0022999999999999687,0.6628571428571425,-0.3620689655172419,-0.28715812219178477,1.0117573919241138,-0.13790780803899647,11.690199999999999
2022-12-16,9.25,9.46,9.06,9.16,9.16,364800,ENFN,Enfusion Inc,소프트웨어 및 IT서비스,-8.98251573965596,11.567133333333333,0.0025333333333330543,0.6585714285714283,-0.22776572668112863,-0.273875148426873,0.3723945858543163,-0.1514735447280461,11.647
2022-12-19,9.16,9.165,8.63,8.72,8.72,463600,ENFN,Enfusion Inc,소프트웨어 및 IT서비스,-11.102680215627625,11.564933333333334,-0.0010999999999992127,0.543928571428571,-0.8089297439264607,-0.1605814642563308,-0.33629478918771744,-0.01177554060164295,11.603200000000001
2022-12-20,8.55,8.905,8.53,8.74,8.74,314600,ENFN,Enfusion Inc,소프트웨어 및 IT서비스,-9.440048873476115,11.560933333333335,-0.0019999999999997797,0.48392857142857093,0.041328413284132004,-0.10493667998981328,-0.018354947953206906,0.17338678410834318,11.566399999999998
2022-12-21,8.81,9.26,8.58,9.03,9.03,222200,ENFN,Enfusion Inc,소프트웨어 및 IT서비스,-6.3382677272265875,11.562800000000001,0.0009333333333332305,0.48464285714285665,0.5983787767133371,-0.09446641584319983,-0.24116605087240672,0.11920331150946269,11.538800000000002
2022-12-22,8.91,9.005,8.71,8.92,8.92,152800,ENFN,Enfusion Inc,소프트웨어 및 IT서비스,-4.548400610927683,11.561666666666667,-0.0005666666666668263,0.476071428571428,-0.23105776444110937,-0.08398259006747878,0.5477161653820621,0.17884279107146775,11.51
2022-12-23,8.9,9.01,8.77,8.95,8.95,199300,ENFN,Enfusion Inc,소프트웨어 및 IT서비스,-3.193846539072809,11.557933333333333,-0.0018666666666673493,0.4632142857142852,0.06476484194294395,-0.06530735782633876,-0.2592400604249111,0.08182379746375602,11.467
2022-12-27,8.98,9.09,8.741,8.96,8.96,205100,ENFN,Enfusion Inc,소프트웨어 및 IT서비스,-1.1227111407701829,11.549266666666666,-0.0043333333333333,0.46385714285714236,0.02155836156452449,-0.04234983079829074,0.2586229560510586,0.0492584801624077,11.4262
2022-12-28,8.99,9.18,8.94,9.13,9.13,176600,ENFN,Enfusion Inc,소프트웨어 및 IT서비스,2.3502359958515573,11.543266666666666,-0.0030000000000001137,0.46028571428571385,0.36933581626319073,-0.037313418247702956,1.0461412648408417,0.0933725761363676,11.3738
2022-12-29,9.24,9.64,9.24,9.56,9.56,216300,ENFN,Enfusion Inc,소프트웨어 및 IT서비스,5.013098856808451,11.538933333333333,-0.00216666666666665,0.45671428571428535,0.9415076634344699,0.06045356106535609,0.004343229090633449,0.16212502820983535,11.328400000000002
2022-12-30,9.5,9.99,9.5,9.67,9.67,361400,ENFN,Enfusion Inc,소프트웨어 및 IT서비스,6.317151731062087,11.533466666666667,-0.002733333333332588,0.4759999999999997,0.23109243697478887,0.06730998276551978,0.3691434732308684,0.14150933616843434,11.2882
2023-01-03,10.68,11.18,10.415,10.97,10.97,489900,ENFN,Enfusion Inc,소프트웨어 및 IT서비스,19.8456773306239,11.532399999999999,-0.0005333333333341628,0.5445714285714284,2.387198321091293,0.2711574818910883,2.5981039882737327,0.43024436108398173,11.265
2023-01-04,10.59,11.32,10.09,10.96,10.96,715100,ENFN,Enfusion Inc,소프트웨어 및 IT서비스,17.706094940721727,11.532466666666666,3.333333333355171e-05,0.5559999999999998,-0.017985611510790988,0.21263373811554592,-0.4355535343512832,0.37575634191181045,11.237
2023-01-05,10.81,11.2,10.57,11.06,11.06,449700,ENFN,Enfusion Inc,소프트웨어 및 IT서비스,18.85269733976507,11.536466666666668,0.002000000000000668,0.5606428571428569,0.17836667091349162,0.22755167786467428,0.8545252460458699,0.4122956369931408,11.208599999999999
2023-01-06,11.2,11.407,10.59,10.71,10.71,290500,ENFN,Enfusion Inc,소프트웨어 및 IT서비스,11.7675924138684,11.533933333333334,-0.0012666666666669713,0.5947142857142855,-0.5885178957482581,0.21137675427674457,-1.9248218749622232,0.2025399750726882,11.1568
2023-01-09,10.82,11.16,10.8,10.82,10.82,257200,ENFN,Enfusion Inc,소프트웨어 및 IT서비스,11.992383392420791,11.5324,-0.0007666666666663602,0.598285714285714,0.18385864374402971,0.24077849502139873,0.23018585651419546,0.192382208691251,11.1084
2023-01-10,10.88,11.26,10.46,11.26,11.26,304700,ENFN,Enfusion Inc,소프트웨어 및 IT서비스,14.587095058697287,11.533866666666668,0.0007333333333336967,0.6172142857142855,0.7128804536511972,0.3494792234198028,0.28626401987852473,0.23685069505312545,11.065199999999999
2023-01-11,11.27,11.27,10.89,11.18,11.18,127200,ENFN,Enfusion Inc,소프트웨어 및 IT서비스,11.11960726875938,11.538466666666666,0.0022999999999990806,0.6175714285714282,-0.12953967152440454,0.3372743602191931,-0.9133635052819207,0.17292151238678874,11.0164
2023-01-12,11.22,11.24,10.78,11.12,11.12,284200,ENFN,Enfusion Inc,소프트웨어 및 IT서비스,9.261252312670475,11.538266666666667,-9.999999999976694e-05,0.6018571428571426,-0.09969143128412145,0.2874122025050889,-0.3126354519007949,0.1678165551704753,10.9554
2023-01-13,11.12,11.52,10.94,11.01,11.01,322900,ENFN,Enfusion Inc,소프트웨어 및 IT서비스,6.99013190001514,11.541733333333333,0.0017333333333331424,0.6204285714285713,-0.17729679944738572,0.29125227143321203,-0.4445995411836018,0.09693686184435643,10.900599999999999
2023-01-17,10.93,11.42,10.71,11.39,11.39,329900,ENFN,Enfusion Inc,소프트웨어 및 IT서비스,9.91666600260137,11.549933333333334,0.004100000000000215,0.6539999999999998,0.5810397553516833,0.3281290509624077,0.7203811697054447,0.16690980685366757,10.873399999999998
2023-01-18,11.47,11.9,11.375,11.54,11.54,417900,ENFN,Enfusion Inc,소프트웨어 및 IT서비스,11.91892886452579,11.564533333333333,0.007299999999999862,0.6665714285714284,0.2250321474496336,0.3426628928113441,1.2245132871639413,0.2359019733617306,10.8474
2023-01-19,11.46,11.9,11.44,11.68,11.68,177900,ENFN,Enfusion Inc,소프트웨어 및 IT서비스,12.621697234805062,11.579933333333333,0.007699999999999818,0.6822857142857142,0.20519262981574626,0.3309383794936695,0.7019474928024875,0.2113167039304196,10.8274
2023-01-20,11.72,12.065,11.7,11.83,11.83,292600,ENFN,Enfusion Inc,소프트웨어 및 IT서비스,10.514883586018309,11.593066666666667,0.006566666666667054,0.6733571428571427,0.22276440012729454,0.2795995749717284,-0.9979955523574582,0.13972107668412734,10.809599999999998
2023-01-23,11.89,12.09,11.64,12.05,12.05,168000,ENFN,Enfusion Inc,소프트웨어 및 IT서비스,9.883431981506385,11.612066666666665,0.009499999999999176,0.6704999999999998,0.3281133482475775,0.28652964006264187,-0.43614373909073084,0.08220056151829881,10.798800000000002
2023-01-24,12.012,12.18,11.81,12.1,12.1,175800,ENFN,Enfusion Inc,소프트웨어 및 IT서비스,9.061451932852261,11.626533333333333,0.007233333333333647,0.5890714285714284,0.08487935006668913,0.1220782849894559,0.13403237640078744,-0.09380455361548298,10.796000000000001
2023-01-25,11.95,12.0,11.56,11.88,11.88,99100,ENFN,Enfusion Inc,소프트웨어 및 IT서비스,5.889931172488061,11.637733333333333,0.005600000000000271,0.539785714285714,-0.40756914119359344,0.09425089001211287,-0.3952224541436218,-0.0909237621720786,10.7726
2023-01-26,11.77,11.99,11.71,11.98,11.98,121100,ENFN,Enfusion Inc,소프트웨어 및 IT서비스,4.476899816183599,11.650933333333334,0.006600000000000605,0.514785714285714,0.19425558484806382,0.09538581243601087,-0.5555562384945204,-0.1916438682106779,10.735400000000002
2023-01-27,12.0,12.065,11.515,11.76,11.76,300500,ENFN,Enfusion Inc,소프트웨어 및 IT서비스,1.4485285767601441,11.66,0.004533333333332834,0.4957142857142853,-0.44380403458213424,0.10572251680501973,-0.6273018604448064,-0.09896386717371956,10.6952
2023-01-30,11.58,11.88,11.49,11.72,11.72,470600,ENFN,Enfusion Inc,소프트웨어 및 IT서비스,1.6582115388013463,11.663333333333334,0.0016666666666669272,0.4914285714285711,-0.08139534883720762,0.08677580304921705,0.8812492841267336,-0.05245933662996683,10.6498
2023-01-31,11.8,12.11,11.71,11.88,11.88,767600,ENFN,Enfusion Inc,소프트웨어 및 IT서비스,0.863617910119685,11.668933333333333,0.0027999999999996916,0.4628571428571425,0.34567901234567955,0.060547128670251506,-0.7040686430524378,-0.12319738398217843,10.6198
2023-02-01,11.88,12.08,11.74,11.89,11.89,598200,ENFN,Enfusion Inc,소프트웨어 및 IT서비스,-0.12657338601947954,11.677866666666667,0.004466666666666619,0.4599999999999997,0.02173913043478216,0.07135275738162199,-0.6837891134197096,-0.10679921313487764,10.611400000000001
2023-02-02,11.98,12.315,11.85,12.02,12.02,1594500,ENFN,Enfusion Inc,소프트웨어 및 IT서비스,-0.5509169441854089,11.687933333333334,0.005033333333333445,0.4603571428571425,0.2823894491854131,0.0986442488437316,-0.7015319283882591,-0.13457753288398225,10.6024
2023-02-03,11.82,12.13,11.82,12.0,12.0,1985400,ENFN,Enfusion Inc,소프트웨어 및 IT서비스,0.32816604070657895,11.699866666666667,0.005966666666666676,0.4410714285714282,-0.04534412955465494,0.10806943955035521,0.655729796118611,-0.05598258021953846,10.5922
2023-02-06,11.9,12.07,11.34,11.37,11.37,854900,ENFN,Enfusion Inc,소프트웨어 및 IT서비스,-4.378316118357162,11.705866666666665,0.0029999999999992255,0.4424999999999998,-1.4237288135593245,-0.03512831537185962,-1.0180490360987668,-0.18015616634841075,10.5698
2023-02-07,11.23,11.23,10.55,10.99,10.99,538400,ENFN,Enfusion Inc,소프트웨어 및 IT서비스,-8.526244353906144,11.7066,0.0003666666666672924,0.4635714285714282,-0.8197226502311233,-0.10975365806334225,-1.6643848967848052,-0.38650603663046407,10.535600000000002
2023-02-08,10.94,11.34,10.94,11.09,11.09,447300,ENFN,Enfusion Inc,소프트웨어 및 IT서비스,-6.367805602379084,11.705933333333334,-0.00033333333333285253,0.4592857142857139,0.2177293934681176,-0.10885817494531573,0.9466905527925185,-0.36902438948831895,10.5052
2023-02-09,11.25,11.44,10.83,10.84,10.84,364100,ENFN,Enfusion Inc,소프트웨어 및 IT서비스,-7.404863437231512,11.702466666666668,-0.0017333333333331424,0.4753571428571424,-0.5259203606311049,-0.16233565785662998,0.04118943368148975,-0.294796890485537,10.475999999999999
2023-02-10,10.8,11.26,10.8,11.16,11.16,418500,ENFN,Enfusion Inc,소프트웨어 및 IT서비스,-4.774920717631148,11.701933333333335,-0.0002666666666666373,0.47607142857142815,0.6721680420105038,-0.13776032258784954,0.5268995028735511,-0.22600808748808826,10.4946
2023-02-13,11.16,11.358,11.05,11.13,11.13,231700,ENFN,Enfusion Inc,소프트웨어 및 IT서비스,-6.00258167945924,11.703533333333333,0.0007999999999990237,0.47164285714285675,-0.06360745115856299,-0.14836652267536757,-0.8104896767460552,-0.29347394842714847,10.5262
2023-02-14,11.06,11.56,11.06,11.29,11.29,304600,ENFN,Enfusion Inc,소프트웨어 및 IT서비스,-4.416940684524584,11.708466666666666,0.002466666666666839,0.468785714285714,0.3413073289654089,-0.0948753462354388,0.3599319660564336,-0.23953434698428736,10.553000000000003
2023-02-15,11.19,11.75,11.19,11.73,11.73,324200,ENFN,Enfusion Inc,소프트웨어 및 IT서비스,-0.7769335218846374,11.718266666666667,0.0049000000000001265,0.48878571428571405,0.9001899751570979,-0.04445146121336494,0.7151716754700577,-0.1487680674153889,10.5942
2023-02-16,11.47,11.79,11.37,11.55,11.55,192900,ENFN,Enfusion Inc,소프트웨어 및 IT서비스,-0.6335893048500685,11.730866666666666,0.006299999999999528,0.4794999999999998,-0.37539103232533844,-0.03956481819502238,0.5339046597154957,-0.06582474454679589,10.6346
2023-02-17,11.55,11.8,10.775,11.12,11.12,445400,ENFN,Enfusion Inc,소프트웨어 및 IT서비스,-3.6405546826418056,11.736733333333333,0.0029333333333338985,0.5248571428571427,-0.8192705498094751,-0.09227018969304149,-0.6366886344233723,-0.17424888158608917,10.6706
2023-02-21,10.97,11.06,10.66,10.83,10.83,184400,ENFN,Enfusion Inc,소프트웨어 및 IT서비스,-3.743721012926726,11.738933333333334,0.001100000000000101,0.529142857142857,-0.5480561555075579,-0.1561084159682727,0.7343101179676818,-0.07150754151322349,10.696800000000001
2023-02-22,10.92,11.07,10.66,10.81,10.81,118600,ENFN,Enfusion Inc,소프트웨어 및 IT서비스,-3.2481284035047575,11.739933333333335,0.0005000000000006111,0.534142857142857,-0.03744316662209068,-0.1603357229009065,0.06978941919036943,-0.017680503469646423,10.7278
2023-02-23,10.8,10.92,10.66,10.87,10.87,120100,ENFN,Enfusion Inc,소프트웨어 및 IT서비스,-2.7948276600041955,11.735800000000001,-0.002066666666666883,0.5194999999999999,0.11549566891241335,-0.17225670720612077,-0.25483596352681886,0.014226351163313592,10.7584
2023-02-24,10.67,10.79,10.52,10.65,10.65,260900,ENFN,Enfusion Inc,소프트웨어 및 IT서비스,-3.283198818060107,11.728600000000002,-0.0035999999999996035,0.5223571428571426,-0.4211677833994237,-0.19910125390931852,0.30571175834356973,-0.01077493724918936,10.7902
2023-02-27,10.77,10.89,10.65,10.87,10.87,192100,ENFN,Enfusion Inc,소프트웨어 및 IT서비스,-1.304083749386542,11.725466666666666,-0.0015666666666680484,0.48735714285714266,0.4514143338707292,-0.06516245766431471,0.24292944145162898,0.07929495400441033,10.816199999999998
2023-02-28,10.88,11.09,10.69,10.72,10.72,182700,ENFN,Enfusion Inc,소프트웨어 및 IT서비스,-1.9853007083579066,11.7218,-0.0018333333333329094,0.45735714285714274,-0.3279712634702453,-0.030037358609966282,-0.10514494605382416,0.19066923619948042,10.8396
2023-03-01,10.69,10.69,10.08,10.25,10.25,172300,ENFN,Enfusion Inc,소프트웨어 및 IT서비스,-5.287266700843862,11.717400000000001,-0.0021999999999993136,0.4744999999999999,-0.990516332982088,-0.11634062478498097,-0.6355782737925713,0.07765003430054543,10.858400000000001
2023-03-02,10.22,10.3,10.08,10.29,10.29,194200,ENFN,Enfusion Inc,소프트웨어 및 IT서비스,-5.110136944996013,11.710666666666667,-0.003366666666667406,0.4466428571428572,0.0895570126339338,-0.07237795526604962,-0.4961911402191662,0.03926570759335572,10.880999999999998
2023-03-03,10.37,10.47,10.13,10.19,10.19,218200,ENFN,Enfusion Inc,소프트웨어 및 IT서비스,-6.915513389483785,11.704133333333335,-0.003266666666665863,0.4380714285714286,-0.22827327572150577,-0.13669519224690746,-1.429229444082748,-0.1004577886178085,10.9104
2023-03-06,10.06,10.19,9.76,10.11,10.11,283300,ENFN,Enfusion Inc,소프트웨어 및 IT서비스,-7.016013764234574,11.694866666666666,-0.004633333333334377,0.44678571428571434,-0.1790567545963231,-0.14494157106389033,-0.2320175864432684,-0.05913835359618087,10.937800000000003
2023-03-07,11.5,12.0,10.92,11.35,11.35,1249000,ENFN,Enfusion Inc,소프트웨어 및 IT서비스,5.852789065076736,11.692066666666667,-0.0013999999999994017,0.5460714285714287,2.2707652060170047,-0.007123151274490607,3.4449655538057824,0.16122118838591545,10.984199999999998
2023-03-08,11.4,11.81,10.87,11.39,11.39,2848900,ENFN,Enfusion Inc,소프트웨어 및 IT서비스,5.655638622284909,11.687533333333333,-0.002266666666667305,0.5732142857142859,0.06978193146417605,-0.06643801153827075,-0.03892537613346006,0.1073571132713785,11.033600000000002
2023-03-09,11.42,11.93,10.7,10.7,10.7,589500,ENFN,Enfusion Inc,소프트웨어 및 IT서비스,1.051340992625649,11.672733333333333,-0.007399999999999629,0.6310714285714287,-1.0933786078098489,-0.11772283835859292,0.2337867844945798,0.08592012218417021,11.068599999999998
2023-03-10,10.61,11.42,10.13,10.35,10.35,905100,ENFN,Enfusion Inc,소프트웨어 및 IT서비스,-0.8627845436034121,11.654666666666666,-0.009033333333333893,0.6500000000000001,-0.5384615384615378,-0.09766505183374026,0.4270256051217395,0.16189971072310677,11.096400000000001
