Date,Open,High,Low,Close,Adj Close,Volume,Symbol,Name,Industry,RS,150MA,MA150_Slope,ATR,TC,ATC,TRS,ATRS
2021-12-03,9.73,9.73,9.71,9.72,9.72,1547800,FATP,Fat Projects Acquisition Corp,기타 금융업,,,,,,,,
2021-12-06,9.76,9.76,9.76,9.76,9.76,2100,FATP,Fat Projects Acquisition Corp,기타 금융업,,,,,,,,
2021-12-07,9.74,9.74,9.71,9.71,9.71,46100,FATP,Fat Projects Acquisition Corp,기타 금융업,,,,,,,,
2021-12-08,9.71,9.75,9.71,9.73,9.73,16200,FATP,Fat Projects Acquisition Corp,기타 금융업,,,,,,,,
2021-12-09,9.73,9.74,9.7,9.73,9.73,291600,FATP,Fat Projects Acquisition Corp,기타 금융업,,,,,,,,
2021-12-10,9.7,9.75,9.7,9.75,9.75,199300,FATP,Fat Projects Acquisition Corp,기타 금융업,,,,,,,,
2021-12-13,9.73,9.73,9.695,9.7,9.7,269800,FATP,Fat Projects Acquisition Corp,기타 금융업,,,,,,,,
2021-12-14,9.7,9.735,9.7,9.735,9.735,78700,FATP,Fat Projects Acquisition Corp,기타 금융업,,,,,,,,
2021-12-15,9.74,9.75,9.74,9.74,9.74,322900,FATP,Fat Projects Acquisition Corp,기타 금융업,,,,,,,,
2021-12-16,9.73,9.74,9.73,9.74,9.74,17000,FATP,Fat Projects Acquisition Corp,기타 금융업,,,,,,,,
2021-12-17,9.72,9.725,9.72,9.72,9.72,22100,FATP,Fat Projects Acquisition Corp,기타 금융업,,,,,,,,
2021-12-20,9.7,9.74,9.698,9.74,9.74,415000,FATP,Fat Projects Acquisition Corp,기타 금융업,,,,,,,,
2021-12-21,9.74,9.74,9.74,9.74,9.74,10000,FATP,Fat Projects Acquisition Corp,기타 금융업,,,,,,,,
2021-12-22,9.75,9.75,9.75,9.75,9.75,5000,FATP,Fat Projects Acquisition Corp,기타 금융업,,,,,,,,
2021-12-23,9.75,9.75,9.75,9.75,9.75,0,FATP,Fat Projects Acquisition Corp,기타 금융업,,,,0.029071428571428446,0.0,,-0.44762115696048743,
2021-12-27,9.75,9.76,9.75,9.76,9.76,10500,FATP,Fat Projects Acquisition Corp,기타 금융업,,,,0.02692857142857135,0.37135278514588177,,-0.639531566283817,
2021-12-28,9.74,9.74,9.74,9.74,9.74,7500,FATP,Fat Projects Acquisition Corp,기타 금융업,,,,0.02478571428571425,-0.8069164265129523,,-0.7253149402906937,
2021-12-29,9.74,9.74,9.74,9.74,9.74,0,FATP,Fat Projects Acquisition Corp,기타 금융업,,,,0.021928571428571457,0.0,,-0.11375706845987618,
2021-12-30,9.74,9.74,9.74,9.74,9.74,0,FATP,Fat Projects Acquisition Corp,기타 금융업,,,,0.019071428571428534,0.0,,0.24342490296267658,
2021-12-31,9.74,9.76,9.74,9.76,9.76,104500,FATP,Fat Projects Acquisition Corp,기타 금융업,-1.4436819568430903,,,0.01692857142857131,1.1814345991561013,,1.4012978524631579,
2022-01-03,9.76,9.76,9.76,9.76,9.76,2400,FATP,Fat Projects Acquisition Corp,기타 금융업,-1.8152847228460112,,,0.0129999999999999,0.0,,-0.5362253747237302,
2022-01-04,9.77,9.78,9.77,9.78,9.78,15600,FATP,Fat Projects Acquisition Corp,기타 금융업,-1.3489776856548619,,,0.011928571428571288,1.6766467065868103,,1.7311969231605724,
2022-01-05,9.76,9.77,9.76,9.76,9.76,609100,FATP,Fat Projects Acquisition Corp,기타 금융업,0.38522046438254076,,,0.012285714285714075,-1.6279069767441792,,0.05800205855671492,
2022-01-06,9.76,9.77,9.75,9.75,9.75,839100,FATP,Fat Projects Acquisition Corp,기타 금융업,0.3632587379318153,,,0.012999999999999774,-0.7692307692307662,,-0.6841667528127799,
2022-01-07,9.76,9.77,9.75,9.75,9.75,182300,FATP,Fat Projects Acquisition Corp,기타 금융업,0.7713892036468328,,,0.012999999999999774,0.0,,0.3686247722275609,
2022-01-10,9.75,9.75,9.75,9.75,9.75,76800,FATP,Fat Projects Acquisition Corp,기타 금융업,0.8717376161827328,,,0.009999999999999787,0.0,,0.12967982170247747,
2022-01-11,9.76,9.76,9.76,9.76,9.76,700,FATP,Fat Projects Acquisition Corp,기타 금융업,0.07487989743213408,,,0.010714285714285485,0.9333333333333333,,0.1019090218384362,
2022-01-12,9.76,9.77,9.76,9.77,9.77,101800,FATP,Fat Projects Acquisition Corp,기타 금융업,-0.02289317000717661,,,0.010714285714285485,0.9333333333333333,0.13514618464768305,0.6715906392986857,0.11136493804849268
2022-01-13,9.78,9.78,9.77,9.78,9.78,2000,FATP,Fat Projects Acquisition Corp,기타 금융업,1.4491247790051398,,,0.011428571428571186,0.8749999999999999,0.197646184647683,2.115126962947099,0.29441837518474884
2022-01-14,9.78,9.78,9.78,9.78,9.78,1400,FATP,Fat Projects Acquisition Corp,기타 금융업,1.3386235323451512,,,0.010714285714285485,0.0,0.17112098570869147,-0.0718229383893115,0.3349689914629278
2022-01-18,9.77,9.785,9.77,9.78,9.78,13300,FATP,Fat Projects Acquisition Corp,기타 금융업,3.1544169607587325,,,0.0103571428571427,0.0,0.22875787331675948,1.4785715401785957,0.4923894543535913
2022-01-19,9.78,9.78,9.78,9.78,9.78,0,FATP,Fat Projects Acquisition Corp,기타 금융업,4.099862229549411,,,0.0103571428571427,0.0,0.22875787331675948,0.7159762163760611,0.5516561175561583
2022-01-20,9.78,9.78,9.78,9.78,9.78,0,FATP,Fat Projects Acquisition Corp,기타 금융업,5.041887049357241,,,0.0103571428571427,0.0,0.22875787331675948,0.7313005242629264,0.5865043762204618
2022-01-21,9.78,9.78,9.78,9.78,9.78,0,FATP,Fat Projects Acquisition Corp,기타 금융업,6.687491813470148,,,0.008928571428571301,0.0,0.14436968766275227,1.1459560844800294,0.5682656785073813
2022-01-24,9.77,9.78,9.77,9.77,9.77,3800,FATP,Fat Projects Acquisition Corp,기타 금융업,5.897167535346415,,,0.009642857142857,-1.0370370370370303,0.07029561358867865,-1.1801920153743226,0.5222680613180533
2022-01-25,9.77,9.78,9.77,9.78,9.78,10800,FATP,Fat Projects Acquisition Corp,기타 금융업,6.781218694247415,,,0.008928571428571301,1.1199999999999921,0.030535134546763074,1.7109634436170809,0.5208228127792324
2022-01-26,9.78,9.79,9.77,9.79,9.79,26500,FATP,Fat Projects Acquisition Corp,기타 금융업,6.504369054188541,,,0.008928571428571301,1.1199999999999921,0.22681420431420388,1.1890550064380077,0.6016123090564676
2022-01-27,9.78,9.78,9.78,9.78,9.78,300,FATP,Fat Projects Acquisition Corp,기타 금융업,6.39658931347209,,,0.008214285714285603,-1.2173913043478166,0.19480273752012886,-0.9810498110568961,0.580406376324745
2022-01-28,9.78,9.78,9.78,9.78,9.78,0,FATP,Fat Projects Acquisition Corp,기타 금융업,3.457264275411309,,,0.006785714285714205,0.0,0.19480273752012886,-0.9948566043280334,0.48301484942791684
2022-01-31,9.79,9.79,9.79,9.79,9.79,100,FATP,Fat Projects Acquisition Corp,기타 금융업,1.3575863266140686,,,0.0074999999999999034,1.3333333333333222,0.2900408327582233,0.5471409833737005,0.5128335038330042
2022-02-01,9.79,9.79,9.79,9.79,9.79,12700,FATP,Fat Projects Acquisition Corp,기타 금융업,0.38865200119624355,,,0.006785714285714205,0.0,0.22337416609155664,-0.2928401520334534,0.48463713427072636
2022-02-02,9.78,9.79,9.78,9.79,9.79,4800,FATP,Fat Projects Acquisition Corp,기타 금융업,-0.7634264258891243,,,0.006785714285714205,0.0,0.15670749942488996,-0.4024030770523199,0.4079232973885117
2022-02-03,9.79,9.8,9.79,9.79,9.79,175100,FATP,Fat Projects Acquisition Corp,기타 금융업,1.457564280648005,,,0.0067857142857143315,0.0,0.09420749942488996,1.0340255891339045,0.33070177068756923
2022-02-04,9.79,9.81,9.79,9.81,9.81,268100,FATP,Fat Projects Acquisition Corp,기타 금융업,0.9008817257274426,,,0.008214285714285856,2.4347826086957745,0.26812054290315956,2.2266817121400555,0.4948806742968097
2022-02-07,9.81,9.81,9.79,9.79,9.79,570300,FATP,Fat Projects Acquisition Corp,기타 금융업,0.8388830851822293,,,0.00857142857142877,-2.333333333333437,0.10145387623648548,-2.1788329672681206,0.23363749519347282
2022-02-08,9.8,9.81,9.79,9.79,9.79,240900,FATP,Fat Projects Acquisition Corp,기타 금융업,-0.17993269062326345,,,0.010000000000000295,0.0,0.10145387623648548,-0.35295524879045065,0.15728524768157914
2022-02-09,9.8,9.81,9.8,9.8,9.8,33100,FATP,Fat Projects Acquisition Corp,기타 금융업,-1.6564038461308384,,,0.011428571428571819,0.8750000000001069,0.16395387623649313,0.23617132033217847,0.12191887597224002
2022-02-10,9.82,9.82,9.8,9.8,9.8,500,FATP,Fat Projects Acquisition Corp,기타 금융업,-0.09185879432946908,,,0.012857142857143218,0.0,0.16395387623649313,0.8057128595019061,0.09761578847380263
2022-02-11,9.8,9.8,9.8,9.8,9.8,400,FATP,Fat Projects Acquisition Corp,기타 금융업,1.5631443190263772,,,0.01214285714285752,0.0,0.2380279503105667,0.8704844897649667,0.24409268169803758
2022-02-14,9.8,9.8,9.8,9.8,9.8,0,FATP,Fat Projects Acquisition Corp,기타 금융업,1.65446440351531,,,0.011428571428571819,0.0,0.15802795031056727,0.18113834005998355,0.13481946001538778
2022-02-15,9.83,9.83,9.83,9.83,9.83,100,FATP,Fat Projects Acquisition Corp,기타 금융업,0.24138161503850508,,,0.01214285714285752,2.4705882352939885,0.25449853854585275,1.683410261934974,0.17013054969374256
2022-02-16,9.81,9.82,9.8,9.81,9.81,17100,FATP,Fat Projects Acquisition Corp,기타 금융업,-0.1293013365840423,,,0.013571428571428916,-1.4736842105262469,0.23619190239025054,-1.520631790065256,0.13158897976457395
2022-02-17,9.81,9.81,9.81,9.81,9.81,0,FATP,Fat Projects Acquisition Corp,기타 금융업,1.8966542991014634,,,0.013571428571428916,0.0,0.23619190239025054,1.167848269250936,0.28606789930592896
2022-02-18,9.8,9.81,9.8,9.81,9.81,29700,FATP,Fat Projects Acquisition Corp,기타 금융업,2.557497986089796,,,0.013571428571428916,0.0,0.14095380715215614,0.3993741462874321,0.2755131252283383
2022-02-22,9.82,9.83,9.82,9.82,9.82,507800,FATP,Fat Projects Acquisition Corp,기타 금융업,3.5590068739668634,,,0.015000000000000315,0.6666666666666384,0.18857285477120173,1.213937040698871,0.3831400675663615
2022-02-23,9.83,9.83,9.83,9.83,9.83,500,FATP,Fat Projects Acquisition Corp,기타 금융업,5.414168930631136,,,0.015000000000000315,0.6666666666666384,0.23619190239024732,1.5933571358908447,0.5256943684908733
2022-02-24,9.83,9.83,9.83,9.83,9.83,600,FATP,Fat Projects Acquisition Corp,기타 금융업,3.763272359983394,,,0.014285714285714488,0.0,0.23619190239024732,-0.7030561841460355,0.40161709897087755
2022-02-25,9.83,9.83,9.83,9.83,9.83,0,FATP,Fat Projects Acquisition Corp,기타 금융업,1.5352908958572664,,,0.012857142857142964,0.0,0.06227885891197772,-1.0586645305972453,0.16694951020392748
2022-02-28,9.83,9.83,9.83,9.83,9.83,0,FATP,Fat Projects Acquisition Corp,기타 금융업,1.690305383883639,,,0.011428571428571439,0.0,0.2289455255786518,0.11603523783688369,0.33086866771142776
2022-03-01,9.83,9.83,9.83,9.83,9.83,1000,FATP,Fat Projects Acquisition Corp,기타 금융업,3.021297941267198,,,0.009999999999999913,0.0,0.2289455255786518,0.7150145806695382,0.40715222695856984
2022-03-02,9.83,9.83,9.83,9.83,9.83,0,FATP,Fat Projects Acquisition Corp,기타 금융업,0.9361920875332608,,,0.008571428571428388,0.0,0.16644552557864414,-0.8313601482432811,0.3308999792031799
2022-03-03,9.83,9.83,9.83,9.83,9.83,0,FATP,Fat Projects Acquisition Corp,기타 금융업,1.1968110332973625,,,0.007142857142856991,0.0,0.16644552557864414,0.2447421235810333,0.2908306409231175
2022-03-04,9.83,9.83,9.83,9.83,9.83,0,FATP,Fat Projects Acquisition Corp,기타 금융업,1.813396115066701,,,0.007142857142856991,0.0,0.16644552557864414,0.38100611597883133,0.2558678999383936
2022-03-07,9.85,9.85,9.83,9.83,9.83,1300,FATP,Fat Projects Acquisition Corp,기타 금융업,4.53490271271475,,,0.008571428571428388,0.0,0.16644552557864414,1.3352673819337604,0.33830568864366334
2022-03-08,9.83,9.83,9.83,9.83,9.83,0,FATP,Fat Projects Acquisition Corp,기타 금융업,4.889994422335531,,,0.006428571428571291,0.0,-0.010025062656640747,0.3065858529998866,0.23996108800544277
2022-03-09,9.85,9.85,9.85,9.85,9.85,1100,FATP,Fat Projects Acquisition Corp,기타 금융업,2.157878600072971,,,0.005714285714285593,3.4999999999999996,0.3452380952380912,2.4698147419059464,0.524992983146243
2022-03-10,9.85,9.85,9.85,9.85,9.85,0,FATP,Fat Projects Acquisition Corp,기타 금융업,2.1990142326260287,,,0.005714285714285593,0.0,0.34523809523809107,0.18057659224622616,0.4544735776459066
2022-03-11,9.85,9.85,9.85,9.85,9.85,0,FATP,Fat Projects Acquisition Corp,기타 금융업,3.1603117125491798,,,0.004999999999999893,0.0,0.34523809523809107,0.5343258945828506,0.4641129882384365
2022-03-14,9.84,9.85,9.84,9.84,9.84,8700,FATP,Fat Projects Acquisition Corp,기타 금융업,3.5068639479800767,,,0.004285714285714194,-2.3333333333333335,0.13095238095237885,-2.0294512523087573,0.2324423958807487
2022-03-15,9.84,9.84,9.84,9.84,9.84,0,FATP,Fat Projects Acquisition Corp,기타 금융업,1.1550889452751179,,,0.0035714285714284954,0.0,0.08333333333333325,-0.8837148810696775,0.05550868038356855
2022-03-16,9.84,9.84,9.84,9.84,9.84,0,FATP,Fat Projects Acquisition Corp,기타 금융업,-1.1881849529499,,,0.0035714285714284954,0.0,0.08333333333333325,-0.9951996911480151,0.03464128702628429
2022-03-17,9.85,9.85,9.85,9.85,9.85,700,FATP,Fat Projects Acquisition Corp,기타 금융업,-2.3808126295791765,,,0.004285714285714194,2.3333333333333335,0.24999999999999994,1.7629180993928761,0.2361829034541501
2022-03-18,9.85,9.85,9.85,9.85,9.85,0,FATP,Fat Projects Acquisition Corp,기타 금융업,-3.4372989751774385,,,0.004285714285714194,0.0,0.24999999999999992,-0.5449412688879665,0.18897029583094652
2022-03-21,9.85,9.85,9.85,9.85,9.85,0,FATP,Fat Projects Acquisition Corp,기타 금융업,-3.2941354456364813,,,0.004285714285714194,0.0,0.24999999999999992,0.021212488913077834,0.13941300356262792
2022-03-22,9.85,9.85,9.85,9.85,9.85,0,FATP,Fat Projects Acquisition Corp,기타 금융업,-4.169549254782023,,,0.004285714285714194,0.0,0.24999999999999992,-0.5666536764051245,0.15832060869392484
2022-03-23,9.85,9.85,9.85,9.85,9.85,0,FATP,Fat Projects Acquisition Corp,기타 금융업,-2.731277072674576,,,0.004285714285714194,0.0,0.24999999999999992,0.629957836458594,0.18583601675660774
2022-03-24,9.85,9.85,9.85,9.85,9.85,0,FATP,Fat Projects Acquisition Corp,기타 금융업,-3.8678674083732933,,,0.004285714285714194,0.0,0.24999999999999992,-0.7357095190338868,0.1060706142556993
2022-03-25,9.84,9.84,9.84,9.84,9.84,548900,FATP,Fat Projects Acquisition Corp,기타 금융업,-4.289152511891325,,,0.0035714285714284954,-2.8,0.04999999999999992,-3.0831422903446555,-0.2095300766213304
2022-03-28,9.85,9.86,9.85,9.85,9.85,7100,FATP,Fat Projects Acquisition Corp,기타 금융업,-4.672239056545402,,,0.004999999999999893,2.0,0.19285714285714278,1.5757573816920343,-0.11887496742903417
2022-03-29,9.86,9.87,9.86,9.87,9.87,10500,FATP,Fat Projects Acquisition Corp,기타 금융업,-5.317227261864399,,,0.004999999999999893,4.0,0.2285714285714285,3.21820801359749,-0.06541830516535249
2022-03-30,9.86,9.86,9.86,9.86,9.86,149300,FATP,Fat Projects Acquisition Corp,기타 금융업,-4.605109430298581,,,0.005714285714285593,-1.7499999999999998,0.10357142857142854,-1.3362992277515007,-0.17376657802233295
2022-03-31,9.87,9.87,9.87,9.87,9.87,15900,FATP,Fat Projects Acquisition Corp,기타 금융업,-2.829437629626008,,,0.006428571428571291,1.5555555555555556,0.21468253968253964,2.5968130089924184,-0.02644606985022094
2022-04-01,9.86,9.88,9.86,9.87,9.87,33000,FATP,Fat Projects Acquisition Corp,기타 금융업,-2.9441187123315893,,,0.0071428571428571175,0.0,0.3813492063492063,-0.23411702779668195,0.10179208904349869
2022-04-04,9.88,9.885,9.88,9.88,9.88,211400,FATP,Fat Projects Acquisition Corp,기타 금융업,-3.227768107572926,,,0.00821428571428573,1.2173913043480142,0.4683057280883502,0.6256809098673721,0.2096060741104308
2022-04-05,9.875,9.88,9.87,9.88,9.88,800,FATP,Fat Projects Acquisition Corp,기타 금융업,-1.6144593555183384,,,0.008928571428571555,0.0,0.4683057280883502,0.955708743527475,0.3489566765872515
2022-04-06,9.86,9.86,9.86,9.86,9.86,200,FATP,Fat Projects Acquisition Corp,기타 금융업,-0.6213248439829289,,,0.009642857142857382,-2.0740740740741628,0.15349091327352898,-1.3418126407961652,0.12719019514517713
2022-04-07,9.88,9.88,9.88,9.88,9.88,100,FATP,Fat Projects Acquisition Corp,기타 금융업,-0.5787849957640145,,,0.011071428571428907,1.806451612903293,0.28252317133804994,1.4875274121832722,0.2723665295074085
2022-04-08,9.87,9.87,9.87,9.87,9.87,1900,FATP,Fat Projects Acquisition Corp,기타 금융업,-0.0901672685912458,,,0.011785714285714732,-0.848484848484949,0.22191711073198217,-0.6460457174138495,0.2247052290554851
2022-04-11,9.87,9.87,9.87,9.87,9.87,0,FATP,Fat Projects Acquisition Corp,기타 금융업,1.9054218199632045,,,0.011785714285714732,0.0,0.22191711073198217,1.256322529014472,0.35491781515688486
2022-04-12,9.87,9.87,9.87,9.87,9.87,0,FATP,Fat Projects Acquisition Corp,기타 금융업,2.4042782830771214,,,0.011785714285714732,0.0,0.22191711073198217,0.24045158445357984,0.32709594001366954
2022-04-13,9.88,9.88,9.88,9.88,9.88,800,FATP,Fat Projects Acquisition Corp,기타 금융업,1.458671642399012,,,0.012500000000000558,0.8000000000000894,0.2790599678748457,0.01364932956426368,0.38062157205639463
2022-04-14,9.89,9.9,9.89,9.9,9.9,98500,FATP,Fat Projects Acquisition Corp,기타 금융업,2.8643443560441906,,,0.013214285714286258,1.513513513513419,0.5871680759829471,2.353886467295316,0.7689807690306782
2022-04-18,9.9,9.9,9.9,9.9,9.9,0,FATP,Fat Projects Acquisition Corp,기타 금융업,2.774531660170898,,,0.011785714285714859,0.0,0.4443109331258042,0.014289830962201017,0.6574473725499759
2022-04-19,9.88,9.9,9.88,9.9,9.9,55400,FATP,Fat Projects Acquisition Corp,기타 금융업,1.125644237626,,,0.011785714285714859,0.0,0.1585966474115185,-1.0966478833372226,0.34924337991178206
2022-04-20,9.9,9.9,9.9,9.9,9.9,300,FATP,Fat Projects Acquisition Corp,기타 금융업,1.1035523364737232,,,0.01107142857142916,0.0,0.28359664741151847,0.043435426824141254,0.4477958552386137
2022-04-21,9.9,9.9,9.88,9.89,9.89,22800,FATP,Fat Projects Acquisition Corp,기타 금융업,2.4191516628003784,,,0.011785714285714859,-0.8484848484847891,0.11187947569435099,0.12584107154680113,0.2712978597067839
2022-04-22,9.9,9.9,9.9,9.9,9.9,400,FATP,Fat Projects Acquisition Corp,기타 금융업,5.116846649063889,,,0.011071428571429034,0.9032258064515559,0.17639560472660495,2.559465132398837,0.4708394425778924
2022-04-25,9.89,9.89,9.88,9.88,9.88,166600,FATP,Fat Projects Acquisition Corp,기타 금융업,3.994556222220691,,,0.011428571428571819,-1.749999999999903,-0.03556091701253196,-2.064314783618645,0.27869689304317685
2022-04-26,9.89,9.89,9.89,9.89,9.89,300,FATP,Fat Projects Acquisition Corp,기타 금융업,6.59414663365101,,,0.011428571428571692,0.8749999999999611,0.026939082987465262,2.3785107101640075,0.3803256049457863
2022-04-27,9.89,9.89,9.89,9.89,9.89,800,FATP,Fat Projects Acquisition Corp,기타 금융업,5.816761067146925,,,0.010000000000000167,0.0,0.17508723113561975,-0.10865493503067493,0.46840829821474994
2022-04-28,9.89,9.9,9.89,9.89,9.89,131600,FATP,Fat Projects Acquisition Corp,기타 금융업,2.8828527507696267,,,0.009285714285714342,0.0,0.04605497307109881,-1.226040444391035,0.2745820227451566
2022-04-29,9.89,9.89,9.89,9.89,9.89,500,FATP,Fat Projects Acquisition Corp,기타 금융업,6.247170584626205,,,0.008571428571428516,0.0,0.1066610336771666,1.6757273563839894,0.44042295658785935
2022-05-02,9.9,9.9,9.9,9.9,9.9,3100,FATP,Fat Projects Acquisition Corp,기타 금융업,5.260900345353092,,,0.009285714285714215,1.0769230769230622,0.1835841106002425,0.829548545622939,0.4099391006313213
2022-05-03,9.89,9.89,9.89,9.89,9.89,34200,FATP,Fat Projects Acquisition Corp,기타 금융업,4.159130326420679,,,0.009999999999999913,-0.9999999999999873,0.11215553917167195,-1.2180593287177552,0.3057597496905116
2022-05-04,9.89,9.89,9.89,9.89,9.89,0,FATP,Fat Projects Acquisition Corp,기타 금융업,0.880375674860967,,,0.009285714285714088,0.0,0.05501268202880842,-1.257669575822795,0.21495125644857885
2022-05-05,9.89,9.89,9.89,9.89,9.89,0,FATP,Fat Projects Acquisition Corp,기타 금융업,4.187865109511413,,,0.00785714285714269,0.0,-0.05309542607929294,1.4189910384215045,0.14817301152902093
2022-05-06,9.89,9.89,9.89,9.89,9.89,0,FATP,Fat Projects Acquisition Corp,기타 금융업,4.319657949626743,,,0.00785714285714269,0.0,-0.05309542607929294,0.2108648527418199,0.1622140845132794
2022-05-09,9.88,9.88,9.88,9.88,9.88,2000,FATP,Fat Projects Acquisition Corp,기타 금융업,7.020223987533147,,,0.007142857142856991,-1.4,-0.15309542607929294,-0.26519878287765297,0.2216033059746772
2022-05-10,9.88,9.88,9.88,9.88,9.88,0,FATP,Fat Projects Acquisition Corp,기타 금융업,6.223867645202064,,,0.007142857142856991,0.0,-0.15309542607929294,-0.08074925801658636,0.2127329713431967
2022-05-11,9.88,9.88,9.88,9.88,9.88,0,FATP,Fat Projects Acquisition Corp,기타 금융업,7.387068329404367,,,0.005714285714285593,0.0,-0.09248936547323658,0.5448213939090996,0.24266013722621801
2022-05-12,9.88,9.88,9.88,9.88,9.88,0,FATP,Fat Projects Acquisition Corp,기타 금융업,6.859077359230659,,,0.004999999999999893,0.0,-0.15700549450549056,0.04268882488493619,0.06289040097522507
2022-05-13,9.86,9.88,9.86,9.88,9.88,10600,FATP,Fat Projects Acquisition Corp,기타 금융업,3.922707823369964,,,0.00500000000000002,0.0,-0.0320054945054975,-0.7802990495974604,0.15460581054816686
2022-05-16,9.9,9.9,9.87,9.878,9.878,7200,FATP,Fat Projects Acquisition Corp,기타 금융업,3.8511277350633533,,,0.0064285714285715456,-0.31111111111120937,-0.11672771672772396,-0.1742585872278606,-0.02773485355125232
2022-05-17,9.9,9.9,9.9,9.9,9.9,1500,FATP,Fat Projects Acquisition Corp,기타 금융업,1.591004300693366,,,0.008000000000000134,2.749999999999984,0.07970085470084633,2.055416713548129,0.12684169277580512
2022-05-18,9.87,9.88,9.87,9.88,9.88,3600,FATP,Fat Projects Acquisition Corp,기타 금융업,4.99716536289041,,,0.00942857142857166,-2.1212121212120243,-0.07181429681429827,-0.7463165667146392,0.16110768403840486
2022-05-19,9.88,9.88,9.88,9.88,9.88,0,FATP,Fat Projects Acquisition Corp,기타 금융업,4.996303766607735,,,0.00942857142857166,0.0,-0.07181429681429827,0.2017975199055774,0.055826981432803964
2022-05-20,9.88,9.88,9.88,9.88,9.88,100000,FATP,Fat Projects Acquisition Corp,기타 금융업,4.515390016524767,,,0.00871428571428596,0.0,-0.1487373737373741,-0.004945379816553643,-0.0037797275271597938
2022-05-23,9.88,9.88,9.88,9.88,9.88,0,FATP,Fat Projects Acquisition Corp,기타 금융업,2.217906927883706,,,0.00800000000000026,0.0,-0.07730880230880362,-0.617465673654855,0.03911981926304736
2022-05-24,9.88,9.88,9.88,9.88,9.88,0,FATP,Fat Projects Acquisition Corp,기타 금융업,2.763441475754358,,,0.00800000000000026,0.0,-0.07730880230880362,0.2857217448355496,0.14936205645292913
2022-05-25,9.88,9.88,9.88,9.88,9.88,0,FATP,Fat Projects Acquisition Corp,기타 금융업,1.5527633349671444,,,0.00800000000000026,0.0,-0.07730880230880362,-0.3568667893253293,0.022515068756726705
2022-05-26,9.88,9.88,9.88,9.88,9.88,0,FATP,Fat Projects Acquisition Corp,기타 금융업,-0.6871828977971339,,,0.00800000000000026,0.0,-0.07730880230880362,-0.7544768975935418,-0.046437913410084845
2022-05-27,9.88,9.88,9.88,9.88,9.88,38800,FATP,Fat Projects Acquisition Corp,기타 금융업,-3.0503780387543866,,,0.007285714285714562,0.0,0.02269119769119638,-0.9893382244803882,-0.09816215923885165
2022-05-31,9.88,9.88,9.88,9.88,9.88,70300,FATP,Fat Projects Acquisition Corp,기타 금융업,-2.45526182632122,,,0.007285714285714562,0.0,0.02269119769119638,0.2659255957397568,-0.07339966968482714
2022-06-01,9.89,9.89,9.88,9.88,9.88,12100,FATP,Fat Projects Acquisition Corp,기타 금융업,-1.8008660872325,,,0.00800000000000026,0.0,0.02269119769119638,0.32160884293411934,-0.08934342332589715
2022-06-02,9.88,9.88,9.87,9.875,9.875,5800,FATP,Fat Projects Acquisition Corp,기타 금융업,-3.753010573296256,,,0.008714285714286087,-0.5737704918033438,-0.01829240886618532,-1.3616399941382094,-0.18965262468469327
2022-06-03,9.88,9.88,9.88,9.88,9.88,29500,FATP,Fat Projects Acquisition Corp,기타 금융업,-2.1434106165876377,,,0.007642857142857474,0.6542056074767094,0.02843656309643678,1.3825015018894193,-0.035166871007059
2022-06-06,9.89,9.89,9.89,9.89,9.89,100300,FATP,Fat Projects Acquisition Corp,기타 금융업,-2.352938426795037,,,0.00621428571428595,1.6091954022987554,0.1656013140542914,1.4714707080234986,0.08238522151089524
2022-06-07,9.89,9.89,9.89,9.89,9.89,54400,FATP,Fat Projects Acquisition Corp,기타 금융업,-3.0800463821053503,,,0.004642857142857361,0.0,-0.030827257374278876,-0.4187403506115623,-0.09434028307193987
2022-06-08,9.89,9.89,9.89,9.89,9.89,0,FATP,Fat Projects Acquisition Corp,기타 금융업,-1.8896729133123902,,,0.002500000000000137,0.0,0.12068789414086571,0.5288841761977467,-0.0032545157210551573
2022-06-09,9.9,9.91,9.9,9.9,9.9,41700,FATP,Fat Projects Acquisition Corp,기타 금융업,0.6996937309220463,,,0.0039285714285715355,2.545454545454422,0.3025060759590387,3.6682195790540844,0.24434705993240963
2022-06-10,9.9,9.9,9.9,9.9,9.9,300,FATP,Fat Projects Acquisition Corp,기타 금융업,3.6682329462983,,,0.0039285714285715355,0.0,0.3025060759590387,1.3578348656434094,0.3416885060366927
2022-06-13,9.9,9.9,9.89,9.9,9.9,29800,FATP,Fat Projects Acquisition Corp,기타 금융업,7.44357966513709,,,0.004642857142857234,0.0,0.3025060759590387,1.6387686923523483,0.5028481036086359
2022-06-14,9.9,9.9,9.9,9.9,9.9,0,FATP,Fat Projects Acquisition Corp,기타 금융업,7.444603650024928,,,0.004642857142857234,0.0,0.3025060759590387,0.15649584828915136,0.4936176824267502
2022-06-15,9.94,9.94,9.94,9.94,9.94,100,FATP,Fat Projects Acquisition Corp,기타 금융업,5.89465897653203,,,0.00750000000000003,5.333333333333198,0.6834584569114099,4.749356905137872,0.8583479463169789
2022-06-16,9.94,9.94,9.94,9.94,9.94,0,FATP,Fat Projects Acquisition Corp,기타 금융업,9.028852049297399,,,0.00750000000000003,0.0,0.6834584569114099,1.2678725456429942,1.0028014779767314
2022-06-17,9.94,9.94,9.94,9.94,9.94,0,FATP,Fat Projects Acquisition Corp,기타 금융업,8.414298250417197,,,0.00750000000000003,0.0,0.6834584569114099,-0.0848970619699356,1.0674044181560494
2022-06-21,9.93,9.93,9.93,9.93,9.93,300,FATP,Fat Projects Acquisition Corp,기타 금융업,5.495255564629042,,,0.00821428571428573,-1.217391304347798,0.5965019351722816,-2.135148165227405,0.895899149515538
2022-06-22,9.88,9.88,9.88,9.88,9.88,200,FATP,Fat Projects Acquisition Corp,기타 금융업,4.804452474986798,,,0.011071428571428526,-4.516129032257987,0.2739212900109968,-4.465818024374491,0.5539400875649229
2022-06-23,9.9,9.905,9.9,9.9,9.9,94400,FATP,Fat Projects Acquisition Corp,기타 금융업,3.814841437362393,,,0.012142857142856884,1.6470588235294117,0.43255195539190794,1.2667868082111915,0.7416848591613087
2022-06-24,9.91,9.91,9.9,9.9,9.9,400,FATP,Fat Projects Acquisition Corp,기타 금융업,0.6406008316947487,,,0.01249999999999967,0.0,0.3858229834292858,-1.1948798475229456,0.5575861913461396
2022-06-27,9.91,9.91,9.91,9.91,9.91,200,FATP,Fat Projects Acquisition Corp,기타 금융업,0.8298353373656919,,,0.01249999999999967,0.8000000000000042,0.3280233118365179,0.9217724978643427,0.5183220334776285
2022-06-28,9.91,9.915,9.905,9.91,9.91,234200,FATP,Fat Projects Acquisition Corp,기타 금융업,2.461088591687677,,,0.01321428571428537,0.0,0.3280233118365179,0.7980731175033223,0.6052372812001204
2022-06-29,9.91,9.91,9.91,9.91,9.91,0,FATP,Fat Projects Acquisition Corp,기타 금융업,2.122437009993927,,,0.01321428571428537,0.0,0.3280233118365179,0.027956115440456328,0.5694567054317424
2022-06-30,9.9,9.92,9.9,9.92,9.92,800,FATP,Fat Projects Acquisition Corp,기타 금융업,2.701268942746271,,,0.01321428571428537,0.7567567567567604,0.2002591840723992,1.1061033802910838,0.38644840552009957
2022-07-01,9.92,9.92,9.92,9.92,9.92,0,FATP,Fat Projects Acquisition Corp,기타 금융업,1.1747009458844992,,,0.01321428571428537,0.0,0.2002591840723992,-0.4300442898476203,0.25874275155645454
2022-07-05,9.91,9.91,9.91,9.91,9.91,300,FATP,Fat Projects Acquisition Corp,기타 금융업,0.5562704141088837,,,0.01321428571428537,-0.7567567567567604,0.1462051300183449,-0.8260604456262609,0.08268352741512537
2022-07-06,9.92,9.92,9.915,9.915,9.915,111100,FATP,Fat Projects Acquisition Corp,기타 금융업,-0.09874191517292852,,,0.013928571428571068,0.35897435897429686,0.1718461556593661,0.20099067978172733,0.08586172966459507
2022-07-07,9.92,9.92,9.92,9.92,9.92,400,FATP,Fat Projects Acquisition Corp,기타 금융업,-1.8355477341793214,,,0.011428571428571186,0.43750000000007766,-0.17785622529299963,-0.2548778926218905,-0.2715836130325308
2022-07-08,9.93,9.93,9.91,9.92,9.92,18800,FATP,Fat Projects Acquisition Corp,기타 금융업,-2.020816452737084,,,0.012857142857142583,0.0,-0.17785622529299963,0.04269848808127069,-0.35909604571551107
2022-07-11,9.92,9.92,9.92,9.92,9.92,200,FATP,Fat Projects Acquisition Corp,기타 금융업,-1.0870305401904923,9.838286666666667,,0.012857142857142583,0.0,-0.17785622529299963,0.6029333468415592,-0.3099653022289757
2022-07-12,9.92,9.92,9.92,9.92,9.92,0,FATP,Fat Projects Acquisition Corp,기타 금융업,-0.2787017416435389,9.83962,0.0006666666666665932,0.012142857142856884,0.0,-0.09089970355387123,0.493894490752335,-0.12217654108756573
2022-07-13,9.92,9.92,9.92,9.92,9.92,200,FATP,Fat Projects Acquisition Corp,기타 금융업,0.22729020320577664,9.840686666666667,0.0005333333333332746,0.008571428571428388,0.0,0.23168094160741354,0.2391797741396958,0.2138947302348762
2022-07-14,9.91,9.93,9.91,9.93,9.93,900,FATP,Fat Projects Acquisition Corp,기타 금융업,0.689004845001695,9.842153333333332,0.0007333333333328085,0.008214285714285603,1.2173913043478166,0.2009904045230139,1.374263895929169,0.22157166507187462
2022-07-15,9.93,9.93,9.93,9.93,9.93,200,FATP,Fat Projects Acquisition Corp,기타 금융업,-1.1086048748458754,9.843486666666665,0.0006666666666665932,0.0074999999999999034,0.0,0.2009904045230139,-1.0474966606482436,0.23209903556292472
2022-07-18,9.93,9.93,9.93,9.93,9.93,400,FATP,Fat Projects Acquisition Corp,기타 금융업,-0.04627847013368713,9.84482,0.0006666666666674814,0.006785714285714205,0.0,0.14384754738015643,0.44413446428288766,0.1979820331642494
2022-07-19,9.93,9.93,9.93,9.93,9.93,200,FATP,Fat Projects Acquisition Corp,기타 금융업,-2.3902103445656464,9.84602,0.0005999999999994898,0.0060714285714285054,0.0,0.14384754738015643,-1.4792294660159504,0.03531756291287277
2022-07-20,9.94,9.941,9.94,9.94,9.94,51500,FATP,Fat Projects Acquisition Corp,기타 금융업,-2.6245127032791027,9.847620000000001,0.0008000000000008001,0.006857142857142863,1.458333333333301,0.2480142140468208,1.1386145982112637,0.11465031168221615
2022-07-21,9.94,9.94,9.94,9.94,9.94,0,FATP,Fat Projects Acquisition Corp,기타 금융업,-3.3089212406603674,9.848986666666667,0.000683333333332925,0.005428571428571465,0.0,0.19396015999276653,-0.5425452360069151,-0.0031103037676409157
2022-07-22,9.95,9.97,9.95,9.97,9.97,25100,FATP,Fat Projects Acquisition Corp,기타 금융업,-1.928846601820422,9.85052,0.0007666666666663602,0.007571428571428689,3.962264150943485,0.4769790279173011,4.482912918583559,0.3478152111203005
2022-07-25,9.94,9.94,9.94,9.94,9.94,2000,FATP,Fat Projects Acquisition Corp,기타 금융업,-2.3046458545119664,9.851853333333333,0.0006666666666665932,0.009000000000000214,-3.33333333333338,0.29293784387611405,-3.410502835051092,0.16321218330424117
2022-07-26,9.94,9.94,9.94,9.94,9.94,0,FATP,Fat Projects Acquisition Corp,기타 금융업,-1.1523541526739178,9.853319999999998,0.0007333333333328085,0.008285714285714516,0.0,0.2672968182350928,0.6821320220042875,0.197579422034424
2022-07-27,9.94,9.94,9.94,9.94,9.94,0,FATP,Fat Projects Acquisition Corp,기타 금융업,-3.4408164002139197,9.854653333333333,0.0006666666666674814,0.007928571428571602,0.0,0.23604681823508725,-1.4463270373710644,0.1124759116951973
2022-07-28,9.94,9.94,9.94,9.94,9.94,0,FATP,Fat Projects Acquisition Corp,기타 금융업,-4.309930082404567,9.855986666666666,0.0006666666666665932,0.006500000000000204,0.0,0.23604681823508725,-0.6638476912701824,0.062008327455807796
2022-07-29,9.94,9.94,9.94,9.94,9.94,0,FATP,Fat Projects Acquisition Corp,기타 금융업,-5.252978667574892,9.857253333333333,0.0006333333333330415,0.006500000000000204,0.0,0.23604681823508725,-0.7750629971702108,-0.036419982830747204
2022-08-01,9.94,9.94,9.94,9.94,9.94,0,FATP,Fat Projects Acquisition Corp,기타 금융업,-4.647228322319997,9.858519999999999,0.0006333333333330415,0.006500000000000204,0.0,0.23604681823508725,0.15957042839056698,-0.06030027299944491
2022-08-02,9.94,9.94,9.94,9.94,9.94,0,FATP,Fat Projects Acquisition Corp,기타 금융업,-3.7092017951950162,9.85972,0.000600000000000378,0.006500000000000204,0.0,0.23604681823508725,0.3791167330027213,-0.05030477593780024
2022-08-03,9.94,9.94,9.94,9.94,9.94,1200,FATP,Fat Projects Acquisition Corp,기타 금융업,-4.84032723240404,9.861053333333333,0.0006666666666665932,0.0050714285714288055,0.0,0.1490902964959575,-0.8872458450155867,-0.21184118600528276
2022-08-04,9.94,9.94,9.94,9.94,9.94,1600,FATP,Fat Projects Acquisition Corp,기타 금융업,-4.4854774567602895,9.862386666666666,0.0006666666666665932,0.0050714285714288055,0.0,0.1490902964959575,0.046997134515270114,-0.1336630577793175
2022-08-05,9.95,9.95,9.94,9.95,9.95,13700,FATP,Fat Projects Acquisition Corp,기타 금융업,-3.958536130702839,9.863786666666668,0.0007000000000010331,0.005785714285714505,1.7283950617282928,0.272547086619407,1.830778539779896,-0.03461705238667407
2022-08-08,9.95,9.95,9.95,9.95,9.95,0,FATP,Fat Projects Acquisition Corp,기타 금융업,-3.5107699933869085,9.865053333333332,0.0006333333333321534,0.005785714285714505,0.0,0.272547086619407,0.08238974041180992,0.07692717664388024
2022-08-09,9.95,9.965,9.95,9.965,9.965,27600,FATP,Fat Projects Acquisition Corp,기타 금융업,-2.6002007231204383,9.86642,0.0006833333333338132,0.00607142857142876,2.4705882352941346,0.344851008188038,2.761137089708576,0.1928216403222597
2022-08-10,9.97,9.97,9.93,9.93,9.93,1400,FATP,Fat Projects Acquisition Corp,기타 금융업,-4.483067448810596,9.86742,0.0004999999999997229,0.008928571428571683,-3.919999999999904,0.06485100818804483,-5.341425803853969,-0.14995554309538703
2022-08-11,9.95,9.95,9.945,9.945,9.945,1400,FATP,Fat Projects Acquisition Corp,기타 금융업,-3.772375519094695,9.868653333333333,0.0006166666666667098,0.008214285714285856,1.8260869565217768,-0.08773307712779146,1.875158785845757,-0.3362236954338015
2022-08-12,9.95,9.95,9.95,9.95,9.95,8800,FATP,Fat Projects Acquisition Corp,기타 금융업,-4.887558459751107,9.869986666666668,0.0006666666666674814,0.006428571428571418,0.7777777777776244,0.2059177165229946,-0.3702591180897258,-0.11906342993656104
2022-08-15,9.95,9.99,9.95,9.99,9.99,8000,FATP,Fat Projects Acquisition Corp,기타 금융업,-4.359768081977144,9.871586666666666,0.0007999999999990237,0.009285714285714342,4.307692307692381,0.5136100242153075,4.036635549064557,0.12054396485345821
2022-08-16,9.99,9.99,9.99,9.99,9.99,0,FATP,Fat Projects Acquisition Corp,기타 금융업,-4.140573203849596,9.873186666666665,0.0007999999999999119,0.009285714285714342,0.0,0.5136100242153075,-0.1399072246458757,0.2138596657624003
2022-08-17,9.97,9.99,9.97,9.99,9.99,600,FATP,Fat Projects Acquisition Corp,기타 금융업,-3.0958343111728293,9.874719999999998,0.0007666666666663602,0.01071428571428574,0.0,0.5136100242153075,0.564582943952857,0.30160471113547455
2022-08-18,9.97,9.97,9.97,9.97,9.97,200,FATP,Fat Projects Acquisition Corp,기타 금융업,-3.191261784656818,9.876053333333333,0.0006666666666674814,0.012142857142857138,-1.6470588235293773,0.39596296539178055,-1.8316962637490812,0.22613090637984087
2022-08-19,9.96,9.96,9.95,9.95,9.95,71400,FATP,Fat Projects Acquisition Corp,기타 금융업,-1.7887876907019762,9.877186666666667,0.0005666666666668263,0.013571428571428663,-1.4736842105264054,0.2906998074970373,-0.4443829178115377,0.1829913816511191
2022-08-22,9.95,9.96,9.95,9.955,9.955,8400,FATP,Fat Projects Acquisition Corp,기타 금융업,0.6193415080081976,9.878353333333333,0.0005833333333331581,0.014285714285714488,0.35000000000004977,0.31569980749704085,1.9544686061709118,0.295516515448847
2022-08-23,9.96,9.96,9.96,9.96,9.96,51600,FATP,Fat Projects Acquisition Corp,기타 금융업,1.1551648955133942,9.879553333333334,0.000600000000000378,0.014642857142857402,0.34146341463419366,0.3400900513994833,0.514586923187496,0.3956474274633529
2022-08-24,9.96,9.96,9.96,9.96,9.96,0,FATP,Fat Projects Acquisition Corp,기타 금융업,0.9988231752894539,9.880753333333333,0.0005999999999994898,0.014642857142857402,0.0,0.3400900513994833,-0.22191581984425165,0.37643935929481565
2022-08-25,9.96,9.96,9.96,9.96,9.96,30400,FATP,Fat Projects Acquisition Corp,기타 금융업,-0.2604057869886933,9.881953333333334,0.000600000000000378,0.013928571428571703,0.0,0.2166332612760338,-1.0544608952749301,0.17035082821947092
2022-08-26,9.94,9.95,9.91,9.95,9.95,4500,FATP,Fat Projects Acquisition Corp,기타 금융업,3.0144975986025724,9.883086666666667,0.0005666666666668263,0.017500000000000324,-0.5714285714286501,0.17581693474541593,1.7248963267438548,0.28767272724318843
2022-08-29,9.94,9.95,9.94,9.95,9.95,3000,FATP,Fat Projects Acquisition Corp,기타 금융업,3.5857656348197597,9.884286666666666,0.0005999999999994898,0.01714285714285741,0.0,-0.000653653489879399,0.43031822831679056,0.12118566571520376
2022-08-30,9.95,9.95,9.95,9.95,9.95,12800,FATP,Fat Projects Acquisition Corp,기타 금융업,4.594875986250191,9.88542,0.0005666666666668263,0.014285714285714488,0.0,0.27934634651011375,0.7142638532608331,0.5537349269376897
2022-08-31,9.949,9.949,9.949,9.949,9.949,100,FATP,Fat Projects Acquisition Corp,기타 금융업,5.136635290565272,9.88648,0.0005300000000003635,0.012928571428571622,-0.07734806629829852,0.14338670202296552,0.42087425410527635,0.4498574603847981
2022-09-01,9.95,9.95,9.93,9.93,9.93,480200,FATP,Fat Projects Acquisition Corp,기타 금융업,4.384209955471352,9.88748,0.0004999999999997229,0.014000000000000234,-1.3571428571428434,-0.009107629042782188,-1.5480600171828205,0.36572882473529145
2022-09-02,9.93,9.93,9.93,9.93,9.93,100,FATP,Fat Projects Acquisition Corp,기타 금융업,5.231777006149407,9.88848,0.0004999999999997229,0.011142857142857312,0.0,-0.31679993673509516,0.6368269209084028,0.12288535129556612
2022-09-06,9.93,9.93,9.93,9.93,9.93,0,FATP,Fat Projects Acquisition Corp,기타 금융업,5.3632984030904,9.889413333333334,0.00046666666666705936,0.011142857142857312,0.0,-0.31679993673509516,0.23817828773256577,0.14989145932259765
2022-09-07,9.93,9.93,9.93,9.93,9.93,0,FATP,Fat Projects Acquisition Corp,기타 금융업,3.2989655328937495,9.890346666666668,0.00046666666666705936,0.009714285714285913,0.0,-0.31679993673509516,-1.0299612362572412,0.035995446450447784
2022-09-08,9.95,9.95,9.95,9.95,9.95,100,FATP,Fat Projects Acquisition Corp,기타 금융업,2.5615991863474186,9.891413333333333,0.0005333333333323864,0.009714285714285913,2.058823529411679,-0.05209405438216254,1.6939417176498146,0.2878267308360832
2022-09-09,9.94,9.94,9.94,9.94,9.94,400,FATP,Fat Projects Acquisition Corp,기타 금융업,0.7507831618359884,9.892413333333332,0.0004999999999997229,0.009000000000000088,-1.1111111111110765,-0.026195975852496205,-1.9549252584852805,0.17993084935938727
2022-09-12,9.94,9.94,9.94,9.94,9.94,200,FATP,Fat Projects Acquisition Corp,기타 금융업,-0.49633229965045933,9.893279999999999,0.00043333333333350765,0.00828571428571426,0.0,-0.05119597585249976,-0.6223931376570077,-0.004130703771178389
2022-09-13,9.94,9.95,9.94,9.95,9.95,500,FATP,Fat Projects Acquisition Corp,기타 금융업,3.66711130631463,9.894346666666667,0.0005333333333341628,0.008642857142857048,1.157024793388418,0.007058408344230533,3.375061798068602,0.2001889301489006
2022-09-14,9.94,9.94,9.94,9.94,9.94,200,FATP,Fat Projects Acquisition Corp,기타 금융업,2.795198433121149,9.895346666666667,0.0004999999999997229,0.009357142857142746,-1.0687022900763257,-0.06927746951836415,-1.2330142582225592,0.12796761312187863
2022-09-15,9.95,9.95,9.94,9.94,9.94,3400,FATP,Fat Projects Acquisition Corp,기타 금융업,3.5273375386656314,9.89628,0.00046666666666705936,0.010071428571428445,0.0,-0.06927746951836415,0.5455788017069773,0.24225616290630056
2022-09-16,9.94,9.94,9.94,9.94,9.94,0,FATP,Fat Projects Acquisition Corp,기타 금융업,3.772666394759039,9.897213333333333,0.0004666666666661712,0.006499999999999824,0.0,-0.028461142987746286,0.3683729136371226,0.14536163339867686
2022-09-19,9.94,9.94,9.94,9.94,9.94,0,FATP,Fat Projects Acquisition Corp,기타 금융업,2.6597340496433475,9.898146666666667,0.00046666666666705936,0.005785714285714124,0.0,-0.028461142987746286,-0.3438863972252239,0.09006130300281869
2022-09-20,9.95,9.95,9.95,9.95,9.95,1100,FATP,Fat Projects Acquisition Corp,기타 금융업,3.5702205605770088,9.899146666666667,0.0004999999999997229,0.006499999999999824,1.5384615384615474,0.08142896690236424,2.1115713211227956,0.18986897927867316
2022-09-21,9.95,9.95,9.95,9.95,9.95,0,FATP,Fat Projects Acquisition Corp,기타 금융업,4.9253127511599715,9.899946666666668,0.0004000000000008441,0.006428571428571291,0.0,0.08695382878081415,0.8172654501293654,0.21818263613753666
2022-09-22,9.95,9.95,9.95,9.95,9.95,4900,FATP,Fat Projects Acquisition Corp,기타 금융업,5.307124107588579,9.900879999999999,0.000466666666665283,0.004999999999999893,0.0,0.18389260429101725,0.40449708876812357,0.3576510008483184
2022-09-23,9.96,9.97,9.96,9.96,9.96,84100,FATP,Fat Projects Acquisition Corp,기타 금융업,6.572769650839216,9.90188,0.0005000000000006111,0.006428571428571418,1.5555555555558012,0.2950037154021459,2.3769590403550174,0.4819461522373623
2022-09-26,9.96,9.96,9.96,9.96,9.96,0,FATP,Fat Projects Acquisition Corp,기타 금융업,7.1088506843667965,9.90288,0.0004999999999997229,0.006428571428571418,0.0,0.2950037154021459,0.477852372998612,0.49906572975636554
2022-09-27,9.96,9.96,9.96,9.96,9.96,0,FATP,Fat Projects Acquisition Corp,기타 금융업,6.786202351738968,9.903813333333334,0.00046666666666705936,0.006428571428571418,0.0,0.2950037154021459,0.09591079499078091,0.5794851605597957
2022-09-28,9.96,9.96,9.96,9.96,9.96,0,FATP,Fat Projects Acquisition Corp,기타 금융업,4.354724276280453,9.90468,0.00043333333333350765,0.00500000000000002,0.0,0.14794489187274026,-0.8646814705465694,0.3967263614029112
2022-09-29,9.95,9.95,9.94,9.95,9.95,10100,FATP,Fat Projects Acquisition Corp,기타 금융업,6.050288037766105,9.90548,0.00039999999999995595,0.005714285714285846,-1.7500000000002331,0.1023099712378005,-0.8331272264199916,0.47685479226471744
2022-09-30,9.95,9.95,9.95,9.95,9.95,64500,FATP,Fat Projects Acquisition Corp,기타 금융업,7.107917645513417,9.90628,0.00039999999999995595,0.005714285714285846,0.0,0.1023099712378005,0.6217294529950855,0.5657206915970099
2022-10-03,9.95,9.95,9.95,9.95,9.95,0,FATP,Fat Projects Acquisition Corp,기타 금융업,4.0549844804576685,9.907079999999999,0.00039999999999906777,0.0050000000000001476,0.0,0.019665343138627795,-1.1213754540113996,0.24454660216272409
2022-10-04,9.98,9.98,9.95,9.97,9.97,11400,FATP,Fat Projects Acquisition Corp,기타 금융업,0.9968190034087332,9.908013333333333,0.00046666666666705936,0.006428571428571672,3.111111111111203,0.3182234432234513,1.8226934495794096,0.46281143843429323
2022-10-05,9.96,9.96,9.96,9.96,9.96,4200,FATP,Fat Projects Acquisition Corp,기타 금융업,0.833161115258596,9.90888,0.00043333333333350765,0.006428571428571672,-1.5555555555554634,0.20711233211234675,-1.4688935358013606,0.3189205571836977
2022-10-06,9.96,9.96,9.96,9.96,9.96,0,FATP,Fat Projects Acquisition Corp,기타 금융업,1.5342403948011007,9.909746666666667,0.00043333333333350765,0.006428571428571672,0.0,0.20711233211234675,0.44107768248439877,0.3241137549585032
2022-10-07,9.98,9.98,9.98,9.98,9.98,100,FATP,Fat Projects Acquisition Corp,기타 금융업,4.076949444984401,9.910746666666666,0.0004999999999997229,0.007857142857143071,2.545454545454422,0.38893051393051975,3.6816217754524203,0.6116500530069063
2022-10-10,9.98,9.98,9.98,9.98,9.98,0,FATP,Fat Projects Acquisition Corp,기타 금융업,4.181562724236021,9.911746666666668,0.0005000000000006111,0.007142857142857372,0.0,0.27904040404040925,0.29737838508404324,0.48206484328985255
2022-10-11,9.98,9.985,9.98,9.98,9.98,236100,FATP,Fat Projects Acquisition Corp,기타 금융업,4.371705901635847,9.912746666666667,0.0004999999999997229,0.007500000000000158,0.0,0.27904040404040925,0.2662177302287508,0.44270429186838006
2022-10-12,9.99,9.99,9.98,9.99,9.99,600,FATP,Fat Projects Acquisition Corp,기타 금융업,4.285353953286308,9.91368,0.0004666666666661712,0.008214285714285856,1.217391304347779,0.3659969257795363,1.3516532179077898,0.5103583010926419
2022-10-13,9.984,9.99,9.984,9.99,9.99,1300,FATP,Fat Projects Acquisition Corp,기타 금융업,1.3163393810115442,9.914613333333334,0.00046666666666705936,0.007214285714285776,0.0,0.25488581466840765,-0.9889935313389232,0.26993311740021764
2022-10-14,9.99,9.99,9.99,9.99,9.99,0,FATP,Fat Projects Acquisition Corp,기타 금융업,3.345201238109907,9.915546666666666,0.0004666666666661712,0.007214285714285776,0.0,0.25488581466840765,0.8834167082965265,0.2989019984929258
2022-10-17,10.0,10.0,10.0,10.0,10.0,15200,FATP,Fat Projects Acquisition Corp,기타 금융업,0.46325067306884904,9.916613333333332,0.0005333333333332746,0.007928571428571476,1.2612612612612268,0.3449759047584953,0.3046865929339465,0.3138145554888662
2022-10-18,10.0,10.0,10.0,10.0,10.0,200,FATP,Fat Projects Acquisition Corp,기타 금융업,-0.8691578156584057,9.917679999999999,0.0005333333333332746,0.007928571428571476,0.0,0.3449759047584953,-0.42721822402111853,0.34506193024068416
2022-10-19,10.0,10.0,10.0,10.0,10.0,100,FATP,Fat Projects Acquisition Corp,기타 금융업,-0.351879746756778,9.918746666666665,0.0005333333333332746,0.00649999999999995,0.0,0.469975904758512,0.261114711218283,0.42322206864341805
2022-10-20,10.0,10.0,10.0,10.0,10.0,0,FATP,Fat Projects Acquisition Corp,기타 금융업,0.29859344528964105,9.919746666666667,0.0005000000000006111,0.00649999999999995,0.0,0.469975904758512,0.3108959376261361,0.40101967468849303
2022-10-21,10.0,10.0,10.0,10.0,10.0,0,FATP,Fat Projects Acquisition Corp,기타 금융업,-1.967951134621726,9.920746666666666,0.0004999999999997229,0.00649999999999995,0.0,0.469975904758512,-0.9218851546606794,0.41526898178497307
2022-10-24,10.0,10.0,10.0,10.0,10.0,0,FATP,Fat Projects Acquisition Corp,기타 금융업,-2.9556063762393614,9.921746666666666,0.0004999999999997229,0.004357142857142726,0.0,0.24775368253628313,-0.48909883881328053,0.2501409611854952
2022-10-25,10.0,10.01,10.0,10.0,10.0,155100,FATP,Fat Projects Acquisition Corp,기타 금융업,-4.262805792246471,9.922746666666665,0.0004999999999997229,0.004357142857142726,0.0,0.3588647936473877,-0.687637947242089,0.3059449317968718
2022-10-26,10.02,10.02,10.02,10.02,10.02,62000,FATP,Fat Projects Acquisition Corp,기타 금융업,-3.245954070111967,9.923879999999999,0.0005666666666668263,0.005785714285714124,3.456790123456813,0.605778373894303,3.7733218756902507,0.5439623741687184
2022-10-27,10.02,10.02,10.02,10.02,10.02,495500,FATP,Fat Projects Acquisition Corp,기타 금융업,-2.4709776851380205,9.925013333333334,0.0005666666666677145,0.004357142857142726,0.0,0.4239601920761299,0.27334880178156606,0.3005143046208002
2022-10-28,10.02,10.02,10.02,10.02,10.02,0,FATP,Fat Projects Acquisition Corp,기타 금융업,-4.44954367395839,9.926213333333333,0.0005999999999994898,0.004357142857142726,0.0,0.4239601920761299,-1.0694480240196964,0.2028838468276759
2022-10-31,10.02,10.02,10.02,10.02,10.02,0,FATP,Fat Projects Acquisition Corp,기타 금융업,-3.5217217080118157,9.927346666666667,0.0005666666666668263,0.00399999999999994,0.0,0.4239601920761299,0.34123828921747956,0.20824245818401366
2022-11-01,10.02,10.02,10.02,10.02,10.02,0,FATP,Fat Projects Acquisition Corp,기타 금융업,-3.067529036295502,9.928346666666666,0.0004999999999997229,0.0032857142857142412,0.0,0.33700367033700285,0.18125061397349085,0.1246422721887066
2022-11-02,10.02,10.02,10.02,10.02,10.02,0,FATP,Fat Projects Acquisition Corp,기타 금융업,-0.6420653770914053,9.929413333333333,0.0005333333333332746,0.0028571428571427964,0.0,0.33700367033700285,1.1550968221103164,0.2777915831493666
2022-11-03,10.03,10.03,10.03,10.03,10.03,1300,FATP,Fat Projects Acquisition Corp,기타 금융업,0.45299725664289525,9.930480000000001,0.0005333333333341628,0.0035714285714284954,2.8,0.5370036703370028,3.3075935632185254,0.4509470727866522
2022-11-04,10.035,10.035,10.03,10.03,10.03,1000,FATP,Fat Projects Acquisition Corp,기타 금융업,-0.7451924265772347,9.931546666666666,0.0005333333333323864,0.003214285714285709,0.0,0.4469135802469152,-0.6575763643387134,0.3822140044100336
2022-11-07,10.02,10.02,10.02,10.02,10.02,900,FATP,Fat Projects Acquisition Corp,기타 금융업,-1.5485101433258541,9.93248,0.00046666666666705936,0.003928571428571408,-2.5454545454545046,0.26509539842873625,-3.0320410665112174,0.19615522994645515
2022-11-08,10.03,10.04,10.03,10.04,10.04,10700,FATP,Fat Projects Acquisition Corp,기타 금융업,-1.610160411342565,9.933546666666667,0.0005333333333332746,0.005357142857142806,3.7333333333332894,0.5317620650953998,3.450285533123355,0.4239531457968174
2022-11-09,10.03,10.035,10.03,10.035,10.035,700,FATP,Fat Projects Acquisition Corp,기타 금융업,0.6461234362577173,9.934713333333335,0.0005833333333340462,0.0060714285714285054,-0.823529411764551,0.47293853568364624,0.2286274074629714,0.4180768222137342
2022-11-10,10.03,10.04,10.03,10.04,10.04,39300,FATP,Fat Projects Acquisition Corp,기타 금융업,-4.260616109669401,9.93578,0.0005333333333323864,0.006785714285714205,0.7368421052630201,0.5255701146310048,-1.7761807727996615,0.3570557066323784
2022-11-11,10.04,10.04,10.04,10.04,10.04,0,FATP,Fat Projects Acquisition Corp,기타 금융업,-4.644963437816429,9.936913333333333,0.0005666666666668263,0.006785714285714205,0.0,0.5255701146310048,-0.44693380565026575,0.36006749471545085
2022-11-14,10.045,10.045,10.04,10.04,10.04,147500,FATP,Fat Projects Acquisition Corp,기타 금융업,-3.4524087517675883,9.938046666666667,0.0005666666666668263,0.006428571428571418,0.0,0.5255701146310048,0.44116220660175626,0.4406960771328684
2022-11-15,10.05,10.07,10.05,10.07,10.07,5000,FATP,Fat Projects Acquisition Corp,기타 금융업,-3.697174176231488,9.939380000000002,0.0006666666666674814,0.007142857142857244,4.2000000000001,0.5786565343840966,3.778730858533109,0.4410824330502154
2022-11-16,10.07,10.07,10.07,10.07,10.07,0,FATP,Fat Projects Acquisition Corp,기타 금융업,-2.5936776234839365,9.940646666666666,0.0006333333333321534,0.007142857142857244,0.0,0.5786565343840966,0.4091554739784187,0.4507829096357049
2022-11-17,10.06,10.06,10.06,10.06,10.06,7900,FATP,Fat Projects Acquisition Corp,기타 금융업,-2.053399654346888,9.941713333333333,0.0005333333333332746,0.007857142857142943,-1.2727272727272319,0.4877474434750087,-1.1143708779855719,0.44757413435242804
2022-11-18,10.06,10.06,10.06,10.06,10.06,0,FATP,Fat Projects Acquisition Corp,기타 금융업,-2.2774695894258956,9.94278,0.0005333333333341628,0.007857142857142943,0.0,0.4877474434750087,-0.24181925558157835,0.4059271668667811
2022-11-21,10.06,10.07,10.06,10.07,10.07,6200,FATP,Fat Projects Acquisition Corp,기타 금융업,-1.6397886974296338,9.943913333333333,0.0005666666666659381,0.008571428571428643,1.166666666666632,0.5710807768083396,1.3717538983990512,0.4909631157543211
2022-11-22,10.07,10.07,10.07,10.07,10.07,100,FATP,Fat Projects Acquisition Corp,기타 금융업,-2.8150985093219005,9.945046666666666,0.0005666666666668263,0.008571428571428643,0.0,0.5710807768083396,-0.7730320192552731,0.35323962708535045
2022-11-23,10.06,10.06,10.06,10.06,10.06,300,FATP,Fat Projects Acquisition Corp,기타 금융업,-3.2623203924800115,9.94618,0.0005666666666668263,0.008571428571428643,-1.166666666666632,0.2877474434750087,-1.5174693263450765,0.008592277830807436
2022-11-25,10.06,10.07,10.06,10.07,10.07,3200,FATP,Fat Projects Acquisition Corp,기타 금융업,-2.893140738201805,9.947313333333335,0.0005666666666677145,0.008928571428571428,1.1199999999999761,0.367747443475007,1.1383264636329322,0.13687105125735355
2022-11-28,10.08,10.08,10.08,10.08,10.08,100,FATP,Fat Projects Acquisition Corp,기타 금융업,-1.2228302170154803,9.948646666666667,0.0006666666666657051,0.008928571428571428,1.1199999999999761,0.6295656252931842,2.09604225889088,0.5031627173575034
2022-11-29,10.08,10.08,10.08,10.08,10.08,0,FATP,Fat Projects Acquisition Corp,기타 금융업,-0.9867946355475499,9.949913333333333,0.0006333333333330415,0.00750000000000003,0.0,0.36289895862652066,0.10297447535669005,0.26406907037417016
2022-11-30,10.08,10.08,10.08,10.08,10.08,0,FATP,Fat Projects Acquisition Corp,기타 금융업,-3.719590540815887,9.95118,0.0006333333333339297,0.0067857142857143315,0.0,0.4217224880382743,-1.8729289274458993,0.11395790359496512
2022-12-01,10.075,10.075,10.075,10.075,10.075,2400,FATP,Fat Projects Acquisition Corp,기타 금융업,-3.3189185382033637,9.952413333333332,0.0006166666666658216,0.0064285714285715456,-0.7777777777778853,0.3135353535353525,-0.7121702909267136,0.1899586523001757
2022-12-02,10.08,10.08,10.08,10.08,10.08,25000,FATP,Fat Projects Acquisition Corp,기타 금융업,-2.735383045826534,9.95368,0.0006333333333339297,0.006785714285714458,0.7368421052632543,0.3661669324827278,0.8274368820784499,0.2809851299950839
2022-12-05,10.08,10.08,10.08,10.08,10.08,200,FATP,Fat Projects Acquisition Corp,기타 금융업,-0.6913280391538823,9.95488,0.0005999999999994898,0.0064285714285715456,0.0,0.3661669324827278,1.2957142595160691,0.3420245623461063
2022-12-06,10.08,10.08,10.08,10.08,10.08,100,FATP,Fat Projects Acquisition Corp,기타 금융업,0.9077607154802658,9.956146666666667,0.0006333333333339297,0.0042857142857143215,0.0,0.06616693248272068,1.014384415098083,0.14457124495789012
2022-12-07,10.08,10.08,10.08,10.08,10.08,200,FATP,Fat Projects Acquisition Corp,기타 금융업,1.21659071473752,9.957413333333333,0.0006333333333330415,0.0042857142857143215,0.0,0.06616693248272068,0.12971788065044138,0.12461141686303459
2022-12-08,10.08,10.08,10.08,10.08,10.08,0,FATP,Fat Projects Acquisition Corp,기타 금융업,0.7271746735509232,9.95868,0.0006333333333330415,0.003571428571428622,0.0,0.15707602339180868,-0.5309610529895581,0.16628354721989272
2022-12-09,10.08,10.08,10.08,10.08,10.08,13900,FATP,Fat Projects Acquisition Corp,기타 금융업,1.4240495295053002,9.959946666666667,0.0006333333333339297,0.003571428571428622,0.0,0.15707602339180868,0.5226606286379852,0.22088925323557587
2022-12-12,10.08,10.08,10.08,10.08,10.08,200,FATP,Fat Projects Acquisition Corp,기타 금융업,-0.02661561350610908,9.96128,0.0006666666666665932,0.002857142857142923,0.0,0.07374269005847779,-0.9775196938772641,0.05308399664441046
2022-12-13,10.08,10.08,10.08,10.08,10.08,100,FATP,Fat Projects Acquisition Corp,기타 금융업,-0.692269053246175,9.962613333333334,0.0006666666666665932,0.002857142857142923,0.0,0.07374269005847779,-0.474068067287688,0.0744385646420951
2022-12-14,10.09,10.09,10.09,10.09,10.09,1500,FATP,Fat Projects Acquisition Corp,기타 금융업,0.006169382875742535,9.964013333333332,0.0006999999999992568,0.002857142857142923,3.4999999999998446,0.40707602339179755,3.873459600481395,0.4595049165582716
2022-12-15,10.1,10.1,10.1,10.1,10.1,200,FATP,Fat Projects Acquisition Corp,기타 금융업,2.5646115803263037,9.965480000000001,0.0007333333333345848,0.002857142857142923,3.4999999999998446,0.5770760233917882,4.8738263574412,0.7263263375445764
2022-12-16,10.1,10.1,10.1,10.1,10.1,0,FATP,Fat Projects Acquisition Corp,기타 금융업,3.5708489201686566,9.966946666666667,0.0007333333333328085,0.002142857142857224,0.0,0.49707602339178986,0.6001603125354449,0.6194776270906168
2022-12-19,10.1,10.1,10.1,10.1,10.1,500,FATP,Fat Projects Acquisition Corp,기타 금융업,4.288503118568143,9.968426666666666,0.0007399999999995188,0.002142857142857224,0.0,0.49707602339178986,0.47263495473874323,0.6458819470464778
2022-12-20,10.1,10.1,10.1,10.1,10.1,0,FATP,Fat Projects Acquisition Corp,기타 금융업,3.9888927990866074,9.969759999999999,0.0006666666666665932,0.002142857142857224,0.0,0.49707602339178986,-0.05968336123733891,0.7753994874899464
2022-12-21,10.11,10.12,10.11,10.11,10.11,14200,FATP,Fat Projects Acquisition Corp,기타 금융업,2.382647665689497,9.971293333333334,0.0007666666666672484,0.003214285714285709,3.11111111111105,0.7748538011695709,2.2715662835253063,0.9885235285222335
2022-12-22,10.125,10.125,10.12,10.12,10.12,400,FATP,Fat Projects Acquisition Corp,기타 금융업,3.6821320297363735,9.972893333333333,0.0007999999999999119,0.003928571428571408,2.5454545454545046,0.9040404040403744,3.324228475277676,1.166865785179321
2022-12-23,10.13,10.13,10.125,10.13,10.13,6700,FATP,Fat Projects Acquisition Corp,기타 금융업,2.9100163593594575,9.97456,0.0008333333333334636,0.004642857142857234,2.153846153846448,1.0578865578865493,1.8298412514785931,1.2050177131766442
2022-12-27,10.13,10.13,10.13,10.13,10.13,100,FATP,Fat Projects Acquisition Corp,기타 금융업,3.122024792984157,9.976226666666667,0.0008333333333334636,0.004642857142857234,0.0,1.0578865578865493,0.23706459448653414,1.149494868847248
2022-12-28,10.13,10.13,10.13,10.13,10.13,0,FATP,Fat Projects Acquisition Corp,기타 금융업,4.111616143291763,9.977893333333332,0.0008333333333325754,0.004642857142857234,0.0,1.0578865578865493,0.676805448577651,1.1885725522706199
2022-12-29,10.13,10.13,10.13,10.13,10.13,0,FATP,Fat Projects Acquisition Corp,기타 금융업,2.0053321100105492,9.97956,0.0008333333333334636,0.004642857142857234,0.0,1.0578865578865493,-0.9371644343438364,1.159558025031029
2022-12-30,10.13,10.14,10.13,10.14,10.14,251300,FATP,Fat Projects Acquisition Corp,기타 금융업,2.0308886678576554,9.981293333333333,0.0008666666666670153,0.0053571428571429335,1.8666666666666003,1.191219891219878,2.00471770292268,1.2654192446227928
2023-01-03,10.15,10.4,10.15,10.17,10.17,23500,FATP,Fat Projects Acquisition Corp,기타 금융업,2.3802959746763497,9.983226666666667,0.0009666666666667822,0.02392857142857149,1.2537313432835522,1.2807721300258461,1.4646370104659918,1.4398590092187393
2023-01-04,10.15,10.15,10.14,10.15,10.15,3800,FATP,Fat Projects Acquisition Corp,기타 금융업,1.193123933296203,9.985026666666668,0.000900000000000567,0.026071428571428586,-0.7671232876712161,1.2259776094779018,-1.1846912105117082,1.3891002132741668
2023-01-05,10.15,10.17,10.15,10.17,10.17,12900,FATP,Fat Projects Acquisition Corp,기타 금융업,2.3649056945510116,9.98696,0.0009666666666658941,0.026785714285714284,0.7466666666666508,1.0293109428112452,1.422825241799029,1.2140549019397118
2023-01-06,10.18,10.18,10.165,10.18,10.18,54800,FATP,Fat Projects Acquisition Corp,기타 금융업,0.07918086768017307,9.988993333333333,0.0010166666666666657,0.027142857142857198,0.3684210526315703,0.8056267322849401,-0.9678829265823949,0.7967899530808837
2023-01-09,10.18,10.21,10.18,10.201,10.201,727700,FATP,Fat Projects Acquisition Corp,기타 금융업,0.2134808696834023,9.991133333333334,0.0010700000000003485,0.029285714285714422,0.7170731707317312,0.8568462444800636,0.7634003835018969,0.808449958149916
2023-01-10,10.21,10.28,10.2,10.24,10.24,804200,FATP,Fat Projects Acquisition Corp,기타 금융업,-0.19727297507007302,9.993466666666666,0.0011666666666663161,0.03500000000000014,1.1142857142857012,0.9364380812147567,0.6876692805130287,0.8238095528480791
2023-01-11,10.24,10.24,10.24,10.24,10.24,100,FATP,Fat Projects Acquisition Corp,기타 금융업,-1.56425178438091,9.9958,0.0011666666666663161,0.03500000000000014,0.0,0.9364380812147566,-0.7838238337575161,0.7720852333823522
2023-01-12,10.17,10.2,10.17,10.2,10.2,264700,FATP,Fat Projects Acquisition Corp,기타 금융업,-2.3814480846252595,9.997866666666667,0.0010333333333338857,0.03857142857142876,-1.0370370370370559,0.6401417849184634,-1.2499810576537294,0.5205461375838497
2023-01-13,10.2,10.2,10.2,10.2,10.2,1100,FATP,Fat Projects Acquisition Corp,기타 금융업,-2.81660352818367,9.999866666666668,0.001000000000000334,0.03750000000000015,0.0,0.4583236031002844,-0.2673027417362161,0.26400819351142885
2023-01-17,10.22,10.22,10.21,10.22,10.22,8800,FATP,Fat Projects Acquisition Corp,기타 금융업,-2.368803402139652,10.001999999999999,0.001066666666665661,0.03821428571428585,0.5233644859813419,0.3418606268242054,0.6627059003351033,0.1806413827154653
2023-01-18,10.28,10.28,10.28,10.28,10.28,600,FATP,Fat Projects Acquisition Corp,기타 금융업,-0.23319528760272767,10.004533333333335,0.0012666666666678594,0.042500000000000045,1.4117647058823213,0.44270096295865696,2.4112458455966292,0.3359400435090435
2023-01-19,10.28,10.28,10.28,10.28,10.28,0,FATP,Fat Projects Acquisition Corp,기타 금융업,0.551833007580238,10.007066666666669,0.0012666666666669713,0.042500000000000045,0.0,0.44270096295865696,0.4967548629867412,0.32307928739540703
2023-01-20,10.28,10.28,10.28,10.28,10.28,0,FATP,Fat Projects Acquisition Corp,기타 금융업,-1.2112621474280938,10.009333333333334,0.0011333333333327644,0.042500000000000045,0.0,0.44270096295865696,-1.2207599524847528,0.3028224646710559
2023-01-23,10.28,10.28,10.28,10.28,10.28,400,FATP,Fat Projects Acquisition Corp,기타 금융업,-2.2791086200561805,10.0116,0.0011333333333327644,0.04178571428571435,0.0,0.3093676296253283,-0.7642570873383083,0.10503855108098532
2023-01-24,10.28,10.28,10.28,10.28,10.28,0,FATP,Fat Projects Acquisition Corp,기타 금융업,-2.0440807139797457,10.013866666666667,0.0011333333333336526,0.02321428571428579,0.0,0.21981539081936033,0.04915302633409831,0.003932552214421495
2023-01-25,10.27,10.35,10.25,10.35,10.35,1800,FATP,Fat Projects Acquisition Corp,기타 금융업,-1.2501613805716794,10.016666666666667,0.00140000000000029,0.02821428571428581,2.4810126582278498,0.4518251012407222,2.4933593452778213,0.26665044905653074
2023-01-26,10.35,10.35,10.35,10.35,10.35,0,FATP,Fat Projects Acquisition Corp,기타 금융업,-2.1445466892488607,10.0198,0.001566666666666272,0.026785714285714413,0.0,0.39849176790738994,-0.7498118233425842,0.11146208726070125
2023-01-27,10.26,10.48,10.26,10.48,10.48,120500,FATP,Fat Projects Acquisition Corp,기타 금융업,-0.9661766640436054,10.023666666666667,0.0019333333333335645,0.04142857142857156,3.137931034482768,0.5963139094681899,2.9544332086200957,0.3916275254894505
2023-01-30,10.38,10.38,10.36,10.36,10.36,2000,FATP,Fat Projects Acquisition Corp,기타 금융업,-0.7124016184416826,10.026733333333333,0.0015333333333327204,0.04785714285714298,-2.5074626865671785,0.3659899196611248,-1.5448180536032372,0.226754779981941
2023-01-31,10.36,10.36,10.36,10.36,10.36,0,FATP,Fat Projects Acquisition Corp,기타 금융업,-1.9571667947267501,10.029733333333333,0.0015000000000000568,0.04214285714285726,0.0,0.2863980829264318,-1.0497476553981173,0.10265357027400199
2023-02-01,10.31,10.31,10.31,10.31,10.31,300,FATP,Fat Projects Acquisition Corp,기타 금융업,-3.147215942513748,10.0324,0.0013333333333340747,0.045714285714285756,-1.0937499999999758,0.20827308292643362,-1.7992782438544674,0.03012111240993403
2023-02-02,10.31,10.31,10.31,10.31,10.31,0,FATP,Fat Projects Acquisition Corp,기타 금융업,-4.239588724081211,10.035066666666667,0.0013333333333331865,0.04071428571428574,0.0,0.28234715700050905,-0.9839213775736722,0.04912537527279526
2023-02-03,10.26,10.3,10.26,10.285,10.285,3500,FATP,Fat Projects Acquisition Corp,기타 금융업,-3.125892103252781,10.0375,0.0012166666666661996,0.04428571428571436,-0.5645161290322651,0.24202457635534724,0.13655779664100087,0.07797255658545363
2023-02-06,10.285,10.285,10.285,10.285,10.285,0,FATP,Fat Projects Acquisition Corp,기타 금융업,-2.314654278095729,10.039933333333334,0.0012166666666670878,0.04285714285714283,0.0,0.20464139878525137,0.4056797774605576,0.05961354780870034
2023-02-07,10.285,10.285,10.285,10.285,10.285,0,FATP,Fat Projects Acquisition Corp,기타 금융업,-3.27101693299936,10.042433333333333,0.0012499999999997513,0.03857142857142864,0.0,0.10380106265079987,-0.8446622465536817,-0.17295131591632185
2023-02-08,10.285,10.285,10.285,10.285,10.285,0,FATP,Fat Projects Acquisition Corp,기타 금융업,-1.966257873432642,10.0449,0.0012333333333334195,0.03857142857142864,0.0,0.10380106265079987,0.7289611593244009,-0.15636515189220332
2023-02-09,10.37,10.45,10.32,10.41,10.41,34400,FATP,Fat Projects Acquisition Corp,기타 금융업,0.16628692695379588,10.048166666666667,0.0016333333333333755,0.050357142857142864,2.482269503546099,0.281106027189807,3.0493792978586938,0.14864479456090002
2023-02-10,10.37,10.41,10.37,10.37,10.37,5100,FATP,Fat Projects Acquisition Corp,기타 금융업,-0.38707570563201177,10.051166666666667,0.0015000000000000568,0.05321428571428578,-0.7516778523490096,0.22741475202202052,-0.8969463914859623,0.13916698712178188
2023-02-13,10.37,10.37,10.37,10.37,10.37,1000,FATP,Fat Projects Acquisition Corp,기타 금융업,-1.429178355239602,10.054166666666667,0.0015000000000000568,0.05321428571428578,0.0,0.22741475202202052,-0.7468822255874922,0.08230732627023972
2023-02-14,10.37,10.37,10.32,10.32,10.32,6000,FATP,Fat Projects Acquisition Corp,기타 금융업,-1.7500153458393508,10.056833333333334,0.0013333333333331865,0.04964285714285716,-1.0071942446042947,-0.021742883894561218,-0.98856960751327,-0.16640188464340966
2023-02-15,10.32,10.32,10.32,10.32,10.32,0,FATP,Fat Projects Acquisition Corp,기타 금융업,-1.7735053141474388,10.0595,0.0013333333333331865,0.04964285714285716,0.0,-0.021742883894561218,-0.18501829968704026,-0.1260594900965851
2023-02-16,10.32,10.32,10.32,10.32,10.32,0,FATP,Fat Projects Acquisition Corp,기타 금융업,-0.17611569486879475,10.062100000000001,0.001300000000000523,0.033928571428571405,0.0,-0.24588081492904462,0.9092956920408342,-0.27214074128081805
2023-02-17,10.33,10.33,10.33,10.33,10.33,4000,FATP,Fat Projects Acquisition Corp,기타 금융업,0.30762127799588423,10.064766666666666,0.0013333333333322983,0.02607142857142846,0.38356164383560987,-0.03937907704313117,0.5661435592217127,-0.12135776893617879
2023-02-21,10.33,10.33,10.33,10.33,10.33,0,FATP,Fat Projects Acquisition Corp,기타 금융업,2.3045532620158404,10.067433333333334,0.0013333333333340747,0.02607142857142846,0.0,-0.03937907704313117,1.2823662734752397,0.04522179741191812
2023-02-22,10.31,10.32,10.3,10.32,10.32,4500,FATP,Fat Projects Acquisition Corp,기타 금융업,2.3126656523563494,10.070033333333333,0.0012999999999996348,0.02464285714285706,-0.40579710144926806,0.009760415710490808,-0.29856451563680797,0.15241563514175097
2023-02-23,10.32,10.32,10.32,10.32,10.32,0,FATP,Fat Projects Acquisition Corp,기타 금융업,1.7802999087859872,10.072566666666667,0.0012666666666669713,0.02464285714285706,0.0,0.009760415710490808,-0.37033163243923223,0.19624347407992523
2023-02-24,10.32,10.32,10.32,10.32,10.32,6000,FATP,Fat Projects Acquisition Corp,기타 금융업,2.761603418362535,10.0751,0.0012666666666669713,0.02107142857142844,0.0,0.0500829963556526,0.7268795417429934,0.2384093130157818
2023-02-27,10.32,10.32,10.32,10.32,10.32,0,FATP,Fat Projects Acquisition Corp,기타 금융업,2.412529235349048,10.077433333333333,0.0011666666666663161,0.02107142857142844,0.0,0.0500829963556526,-0.20848489241910023,0.19454040802437772
2023-02-28,10.32,10.32,10.32,10.32,10.32,0,FATP,Fat Projects Acquisition Corp,기타 금융업,2.6820910306874612,10.079966666666666,0.001266666666666083,0.02107142857142844,0.0,0.0500829963556526,0.22282631741642114,0.2707895911650993
2023-03-01,10.39,10.4,10.38,10.4,10.4,8700,FATP,Fat Projects Acquisition Corp,기타 금융업,3.783536963965095,10.083033333333335,0.0015333333333344967,0.02678571428571416,2.9866666666666832,0.26341632968898715,3.3416047258562,0.4574069887745136
2023-03-02,10.4,10.46,10.395,10.46,10.46,26400,FATP,Fat Projects Acquisition Corp,기타 금융업,3.3434493706008928,10.086500000000001,0.0017333333333331424,0.019642857142857167,3.054545454545476,0.3042931833317998,2.468797301692376,0.41593684619120513
2023-03-03,10.46,10.46,10.46,10.46,10.46,0,FATP,Fat Projects Acquisition Corp,기타 금융업,1.464032143128291,10.089966666666665,0.0017333333333322543,0.016785714285714244,0.0,0.3579844584995862,-1.2009561683612422,0.39422186212868515
