Date,Symbol,Name,Industry,Open,High,Low,Close,Adj Close,Volume,RS,50MA,150MA,200MA,MA150_Slope,MA200_Slope,ATR,TC,ATC,TRS,ATRS,ATRS150,IsOriginData_NaN
2022-05-18,TYDE,Cryptyde Inc,핀테크,13.49,18.15,13.49,15.204,15.204,5500.0,,,,,,,,,,,,,False
2022-05-19,TYDE,Cryptyde Inc,핀테크,13.8,13.8,13.75,13.75,13.75,2200.0,,,,,,,,,,,,,False
2022-05-20,TYDE,Cryptyde Inc,핀테크,13.75,13.75,13.75,13.75,13.75,0.0,,,,,,,,,,,,,False
2022-05-23,TYDE,Cryptyde Inc,핀테크,13.75,13.75,13.75,13.75,13.75,0.0,,,,,,,,,,,,,False
2022-05-24,TYDE,Cryptyde Inc,핀테크,13.75,13.75,13.75,13.75,13.75,0.0,,,,,,,,,,,,,False
2022-05-25,TYDE,Cryptyde Inc,핀테크,13.75,13.75,13.75,13.75,13.75,0.0,,,,,,,,,,,,,False
2022-05-26,TYDE,Cryptyde Inc,핀테크,13.75,13.75,13.75,13.75,13.75,0.0,,,,,,,,,,,,,False
2022-05-27,TYDE,Cryptyde Inc,핀테크,13.75,13.75,13.75,13.75,13.75,0.0,,,,,,,,,,,,,False
2022-05-31,TYDE,Cryptyde Inc,핀테크,8.84,8.84,8.6,8.6,8.6,700.0,,,,,,,,,,,,,False
2022-06-01,TYDE,Cryptyde Inc,핀테크,8.46,8.46,8.46,8.46,8.46,500.0,,,,,,,,,,,,,False
2022-06-02,TYDE,Cryptyde Inc,핀테크,7.7,7.89,7.7,7.89,7.89,700.0,,,,,,,,,,,,,False
2022-06-03,TYDE,Cryptyde Inc,핀테크,8.19,8.19,8.08,8.08,8.08,500.0,,,,,,,,,,,,,False
2022-06-06,TYDE,Cryptyde Inc,핀테크,8.11,8.11,8.11,8.11,8.11,400.0,,,,,,,,,,,,,False
2022-06-07,TYDE,Cryptyde Inc,핀테크,8.11,8.11,8.11,8.11,8.11,0.0,,,,,,,,,,,,,False
2022-06-08,TYDE,Cryptyde Inc,핀테크,8.11,8.11,8.11,8.11,8.11,0.0,,,,,,,0.5595714285714285,0.0,,0.5288841761977467,,,False
2022-06-09,TYDE,Cryptyde Inc,핀테크,8.3,8.7,8.3,8.7,8.7,700.0,,,,,,,0.4978571428571428,1.1850789096126255,,2.307843943212288,,,False
2022-06-10,TYDE,Cryptyde Inc,핀테크,8.7,8.7,8.7,8.7,8.7,0.0,,,,,,,0.4978571428571428,0.0,,1.3578348656434094,,,False
2022-06-13,TYDE,Cryptyde Inc,핀테크,7.7,7.7,7.7,7.7,7.7,200.0,,,,,,,0.5692857142857142,-1.756587202007527,,-0.1178185096551787,,,False
2022-06-14,TYDE,Cryptyde Inc,핀테크,7.7,7.7,7.7,7.7,7.7,0.0,,,,,,,0.5692857142857142,0.0,,0.15649584828915136,,,False
2022-06-15,TYDE,Cryptyde Inc,핀테크,7.7,7.7,7.7,7.7,7.7,0.0,-22.534282729465104,,,,,,0.5692857142857142,0.0,,-0.5839764281953259,,,False
2022-06-16,TYDE,Cryptyde Inc,핀테크,7.7,7.7,7.7,7.7,7.7,0.0,-17.126697602228134,,,,,,0.5692857142857142,0.0,,1.2678725456429942,,,False
2022-06-17,TYDE,Cryptyde Inc,핀테크,6.0,6.84,6.0,6.83,6.83,900.0,-24.157990868085356,,,,,,0.6907142857142856,-1.2595656670113757,,-1.3444627289813114,,,False
2022-06-21,TYDE,Cryptyde Inc,핀테크,6.83,6.83,6.83,6.83,6.83,0.0,-23.29342691201852,,,,,,0.3228571428571427,0.0,,-0.917756860879607,,,False
2022-06-22,TYDE,Cryptyde Inc,핀테크,6.83,6.83,6.83,6.83,6.83,0.0,-20.42846685505406,,,,,,0.3128571428571428,0.0,,0.05031100788349517,,,False
2022-06-23,TYDE,Cryptyde Inc,핀테크,6.83,6.83,6.83,6.83,6.83,0.0,-18.151777454746675,,,,,,0.25857142857142845,0.0,,-0.3802720153182202,,,False
2022-06-24,TYDE,Cryptyde Inc,핀테크,6.83,6.83,6.83,6.83,6.83,0.0,-17.365683755843254,,,,,,0.23714285714285704,0.0,,-1.1948798475229456,,,False
2022-06-27,TYDE,Cryptyde Inc,핀테크,6.29,6.3,6.195,6.195,6.195,1300.0,-21.48021559812986,,,,,,0.2803571428571428,-2.2649681528662415,,-2.143195655001903,,,False
2022-06-28,TYDE,Cryptyde Inc,핀테크,6.15,6.3,6.138,6.15,6.15,1800.0,-16.964543516850906,,,,,,0.29192857142857137,-0.15414729630535823,-0.30358495775556266,0.6439258211979642,-0.026370988391960188,,False
2022-06-29,TYDE,Cryptyde Inc,핀테크,6.3,6.3,6.3,6.3,6.3,1300.0,-13.920406392263818,,,,,,0.30264285714285705,0.49563370309180865,-0.268182550391862,0.5235898185322649,-0.026749156796637457,,False
2022-06-30,TYDE,Cryptyde Inc,핀테크,3.097,3.13,1.9,2.03,2.03,3099200.0,-70.85752253753155,,,,,,0.5747857142857142,-7.428855474089723,-0.8834635777991726,-7.079508850555399,-0.6972743563514722,,False
2022-07-01,TYDE,Cryptyde Inc,핀테크,1.95,1.99,1.33,1.39,1.39,2670500.0,-79.3997492852745,,,,,,0.6247857142857142,-1.0243512061278153,-0.9566315210940165,-1.4543954959754355,-0.8981479536099612,,False
2022-07-05,TYDE,Cryptyde Inc,핀테크,1.36,1.5,1.23,1.24,1.24,1701800.0,-80.75559807799102,,,,,,0.5726428571428571,-0.26194337033803156,-0.8498712474033383,-0.3312470592075321,-0.9133928500065579,,False
2022-07-06,TYDE,Cryptyde Inc,핀테크,1.18,1.69,1.1,1.21,1.21,5638200.0,-80.32086832198215,,,,,,0.6147857142857143,-0.04879749041477871,-0.8533567824329653,-0.20678116960734824,-0.9393412084277364,,False
2022-07-07,TYDE,Cryptyde Inc,핀테크,1.46,1.665,1.28,1.33,1.33,17379900.0,-77.55958933774471,,,,,,0.6472857142857142,0.18538953873317165,-0.8401146725234531,-0.5069883538887965,-0.9338420602629842,,False
2022-07-08,TYDE,Cryptyde Inc,핀테크,1.28,1.35,1.24,1.28,1.28,2862300.0,-77.14981995456185,,,,,,0.655142857142857,-0.07631923244657662,-0.845566046269637,-0.03362074436530593,-1.0268058666921485,,False
2022-07-11,TYDE,Cryptyde Inc,핀테크,1.18,1.21,1.13,1.14,1.14,1531800.0,-77.97877116965572,,,,,,0.5444285714285714,-0.25715035423773314,-0.7739649525000912,0.34578299260382606,-0.9060740294360673,,False
2022-07-12,TYDE,Cryptyde Inc,핀테크,1.12,1.15,1.04,1.05,1.05,1501600.0,-77.92085872043569,,,,,,0.5522857142857143,-0.16295913088463504,-0.7856048904204223,0.33093535986769995,-0.816881727954117,,False
2022-07-13,TYDE,Cryptyde Inc,핀테크,0.985,1.02,0.91,0.975,0.975,1404500.0,-77.80468932353381,,,,,,0.5622857142857142,-0.13338414634146356,-0.7951323294448125,0.10579562779823223,-0.8129185408173498,,False
2022-07-14,TYDE,Cryptyde Inc,핀테크,0.95,0.97,0.88,0.915,0.915,1178600.0,-77.32195335770942,,,,,,0.5690714285714286,-0.10543491904104421,-0.8026633950906014,0.05143767254030818,-0.7820821345417407,,False
2022-07-15,TYDE,Cryptyde Inc,핀테크,0.94,0.94,0.896,0.924,0.924,977800.0,-75.4645420905977,,,,,,0.5722142857142857,0.015728373486456136,-0.8015399398415688,-1.0317682871617875,-0.770431308801658,,False
2022-07-18,TYDE,Cryptyde Inc,핀테크,0.92,1.06,0.92,0.98,0.98,2331500.0,-71.01666384826488,,,,,,0.5368571428571428,0.10431080361894614,-0.6323057286640555,0.5484452679018338,-0.5781712428799626,,False
2022-07-19,TYDE,Cryptyde Inc,핀테크,0.976,1.194,0.97,1.17,1.17,3149800.0,-63.060462934986404,,,,,,0.5412857142857143,0.35101609923462646,-0.596222628982628,-1.128213366781324,-0.7047526134499117,,False
2022-07-20,TYDE,Cryptyde Inc,핀테크,1.21,1.24,1.09,1.1,1.1,2929400.0,-61.82959526463498,,,,,,0.5412857142857143,-0.1293217207706516,-0.6408623021156609,-0.44904045589268904,-0.7742262044802656,,False
2022-07-21,TYDE,Cryptyde Inc,핀테크,1.06,1.13,1.03,1.09,1.09,1577900.0,-58.10140676116558,,,,,,0.23414285714285712,-0.04270896888346557,-0.1132804088866425,-0.5852542048903806,-0.3103508726470499,,False
2022-07-22,TYDE,Cryptyde Inc,핀테크,1.09,1.09,0.98,1.02,1.02,1102800.0,-55.101973933227136,,,,,,0.19199999999999998,-0.3645833333333337,-0.06615413225846524,0.1560654343067408,-0.1953179490554659,,False
2022-07-25,TYDE,Cryptyde Inc,핀테크,0.99,1.11,0.96,1.02,1.02,1247500.0,-48.47163596442352,,,,,,0.18342857142857144,0.0,-0.04744389152003441,-0.07716950171771186,-0.1771695520919073,,False
2022-07-26,TYDE,Cryptyde Inc,핀테크,0.97,0.992,0.87,0.884,0.884,1636200.0,-47.67464570683375,,,,,,0.152,-0.8947368421052633,-0.1078681309264976,-0.2126048201009758,-0.17758552712716644,,False
2022-07-27,TYDE,Cryptyde Inc,핀테크,0.908,1.78,0.908,1.27,1.27,57829500.0,-13.802466749827913,,,,,,0.1835,2.103542234332425,0.029142775902020506,0.6572151969613607,-0.09442813063786949,,False
2022-07-28,TYDE,Cryptyde Inc,핀테크,1.44,1.46,1.13,1.35,1.35,34994100.0,10.400696881433369,,,,,,0.1992142857142857,0.40157762638938727,0.06327826581887507,-0.26227006488079513,-0.11076022496040443,,False
2022-07-29,TYDE,Cryptyde Inc,핀테크,1.22,1.26,1.04,1.11,1.11,8686900.0,-6.324652624833471,5.885739999999999,,,,,0.21064285714285713,-1.1393692777212614,0.000262628427194489,-1.9144322748914722,-0.27220417263864005,,False
2022-08-01,TYDE,Cryptyde Inc,핀테크,1.06,1.11,1.0,1.08,1.08,5709500.0,-6.958279331457817,5.603260000000001,,,,,0.21064285714285716,-0.14242115971515779,0.0017296263678714277,0.017149268675409196,-0.29461746486666074,,False
2022-08-02,TYDE,Cryptyde Inc,핀테크,1.14,1.35,1.11,1.13,1.13,12580300.0,-1.1660628523385785,5.35086,,,,,0.21992857142857145,0.22734654108476696,0.02749610404117361,0.6064632740874882,-0.2588554901317139,,False
2022-08-03,TYDE,Cryptyde Inc,핀테크,1.14,1.16,1.06,1.1,1.1,4538300.0,-4.417050170923598,5.09786,,,,,0.22028571428571428,-0.1361867704280147,0.02529954322781857,-1.0234326154436013,-0.3356319392734218,,False
2022-08-04,TYDE,Cryptyde Inc,핀테크,1.09,1.19,1.06,1.11,1.11,4286000.0,-2.1759167528230483,4.84506,,,,,0.22642857142857142,0.04416403785488963,0.027330662111278107,0.09116117237015975,-0.255422692163997,,False
2022-08-05,TYDE,Cryptyde Inc,핀테크,1.09,1.15,1.05,1.07,1.07,2299400.0,-4.319974827707574,4.59146,,,,,0.22357142857142856,-0.1789137380191695,0.007100337708555564,-0.07653025996756642,-0.3000638012975255,,False
2022-08-08,TYDE,Cryptyde Inc,핀테크,1.08,1.13,1.06,1.09,1.09,2557600.0,-1.819741993989199,4.33826,,,,,0.21257142857142858,0.09408602150537643,-0.011251810700676582,0.17647576191718634,-0.20687172067620338,,False
2022-08-09,TYDE,Cryptyde Inc,핀테크,1.08,1.09,1.01,1.05,1.05,1878100.0,-4.659094605546699,4.08426,,,,,0.20757142857142857,-0.1927047487955955,-0.01577916984531543,0.09784410561884563,-0.16780853771109375,,False
2022-08-10,TYDE,Cryptyde Inc,핀테크,1.07,1.11,1.04,1.11,1.11,2268600.0,-1.4446861485458595,3.8314599999999994,,,,,0.20542857142857143,0.29207232267037575,0.008133779551387521,-1.1293534811836894,-0.20667277173204437,,False
2022-08-11,TYDE,Cryptyde Inc,핀테크,1.13,1.24,1.1,1.12,1.12,2867400.0,-0.9458478500029344,3.68186,,,,,0.20757142857142857,0.04817618719889887,0.037616602446546986,0.0972480165228792,-0.21087401585946305,,False
2022-08-12,TYDE,Cryptyde Inc,핀테크,1.13,1.2,1.13,1.19,1.19,2235600.0,2.710688137278483,3.5364599999999995,,,,,0.20257142857142854,0.34555712270803873,0.06229925406854976,-0.8024797731593114,-0.26268189239100587,,False
2022-08-15,TYDE,Cryptyde Inc,핀테크,1.085,1.1,1.05,1.08,1.08,2098500.0,-7.075107529225688,3.4002600000000003,,,,,0.20185714285714282,-0.5449398443029011,0.08728475391157563,-0.8159966029307257,-0.3057813054502737,,False
2022-08-16,TYDE,Cryptyde Inc,핀테크,1.08,1.3,1.05,1.12,1.12,9050700.0,-3.150445180211403,3.26106,,,,,0.1557142857142857,0.25688073394495436,-0.04461963897324371,0.11697350929907865,-0.34436999742615104,,False
2022-08-17,TYDE,Cryptyde Inc,핀테크,1.13,1.23,1.08,1.09,1.09,5725900.0,-4.653569705105087,3.1206600000000004,,,,,0.14285714285714282,-0.21000000000000024,-0.08830375514391424,0.3545829439528568,-0.30030906822374737,,False
2022-08-18,TYDE,Cryptyde Inc,핀테크,1.12,1.14,1.07,1.11,1.11,2932800.0,-2.879735246862991,2.98066,,,,,0.12571428571428567,0.15909090909090928,0.004443401056955085,-0.02554653112879479,-0.16538865795498464,,False
2022-08-19,TYDE,Cryptyde Inc,핀테크,1.07,1.09,0.986,1.02,1.02,3469100.0,-9.311890266498967,2.8388600000000004,,,,,0.12671428571428564,-0.7102593010146572,-0.03611646617872344,0.3190419917002105,-0.14382489202464172,,False
2022-08-22,TYDE,Cryptyde Inc,핀테크,1.01,1.03,0.965,0.972,0.972,1644800.0,-11.319063994845123,2.6843,,,,,0.1120714285714285,-0.42829827915870045,-0.08294823905325684,1.1761703270121615,-0.10313153110145075,,False
2022-08-23,TYDE,Cryptyde Inc,핀테크,0.965,0.98,0.869,0.885,0.885,2434800.0,-18.905567720388216,2.528,,,,,0.11285714285714281,-0.7708860759493671,-0.12828390373335344,-0.5977625673960648,-0.07272652766948386,,False
2022-08-24,TYDE,Cryptyde Inc,핀테크,0.9,0.925,0.89,0.903,0.903,945900.0,-15.945561143305763,2.39206,,,,,0.10642857142857139,0.1691275167785237,-0.11935794095309384,-0.05278830306572796,-0.08300863305776156,,False
2022-08-25,TYDE,Cryptyde Inc,핀테크,0.92,0.938,0.89,0.895,0.895,880300.0,-15.930278108941076,2.25596,,,,,0.10271428571428569,-0.07788595271210023,-0.11214167057401747,-1.1323468479870304,-0.15842410363058043,,False
2022-08-26,TYDE,Cryptyde Inc,핀테크,0.908,0.91,0.86,0.866,0.866,987600.0,-14.88980727991468,2.1192800000000003,,,,,0.10128571428571427,-0.286318758815233,-0.13931344059691814,2.010006139357272,-0.027457648099145717,,False
2022-08-29,TYDE,Cryptyde Inc,핀테크,0.83,0.88,0.83,0.867,0.867,991600.0,-13.406116147332414,1.98262,,,,,0.09914285714285713,0.010086455331412114,-0.12482835458784616,0.4404046836482027,-0.002989035382763076,,False
2022-08-30,TYDE,Cryptyde Inc,핀테크,0.85,0.87,0.785,0.788,0.788,1274000.0,-19.140862065663978,1.8617800000000002,,,,,0.10021428571428569,-0.7883107626514609,-0.20199857496797738,-0.07404690939062786,0.07239000545959848,,False
2022-08-31,TYDE,Cryptyde Inc,핀테크,0.79,0.8,0.78,0.787,0.787,382000.0,-17.497964052910252,1.74092,,,,,0.09164285714285714,-0.010911925175370237,-0.2062191544232823,0.4873103952282046,0.10025160393855027,,False
2022-09-01,TYDE,Cryptyde Inc,핀테크,0.781,0.798,0.725,0.767,0.767,739600.0,-18.585977283433262,1.6196599999999999,,,,,0.09114285714285712,-0.21943573667711624,-0.24657578723650767,-0.4103528967170934,0.12826066654156584,,False
2022-09-02,TYDE,Cryptyde Inc,핀테크,0.8,0.825,0.747,0.775,0.775,702400.0,-15.768628767718951,1.49856,,,,,0.08671428571428572,0.09225700164744653,-0.20106172681148285,0.7290839225558493,0.23862356121917835,,False
2022-09-06,TYDE,Cryptyde Inc,핀테크,0.792,0.8,0.766,0.785,0.785,359700.0,-13.175175086827783,1.3776599999999999,,,,,0.07128571428571429,0.1402805611222446,-0.20939031058453353,0.3784588488548104,0.2573010854731592,,False
2022-09-07,TYDE,Cryptyde Inc,핀테크,0.78,0.799,0.76,0.777,0.777,304200.0,-14.509018044111732,1.2692999999999999,,,,,0.06335714285714286,-0.12626832018038342,-0.20340947631170375,-1.1562295564376246,0.1493859068738391,,False
2022-09-08,TYDE,Cryptyde Inc,핀테크,0.761,0.8,0.742,0.756,0.756,331600.0,-15.987493046136791,1.16142,,,,,0.06250000000000003,-0.33600000000000013,-0.23877311267534013,-0.7008818117618643,0.10114767254290555,,False
2022-09-09,TYDE,Cryptyde Inc,핀테크,0.777,0.8,0.763,0.788,0.788,475200.0,-12.3344258494822,1.05118,,,,,0.05678571428571431,0.5635220125786167,-0.14778873313296342,-0.28029213479558746,0.05833809207891999,,False
2022-09-12,TYDE,Cryptyde Inc,핀테크,0.8,0.86,0.77,0.813,0.813,1057300.0,-8.845672590562948,1.0268400000000002,,,,,0.05857142857142859,0.4268292682926813,-0.0867081940292933,-0.19556386936432635,-0.039642921947972,,False
2022-09-13,TYDE,Cryptyde Inc,핀테크,0.771,0.79,0.761,0.775,0.775,532300.0,-8.029489626027342,1.01454,,,,,0.05435714285714287,-0.6990801576872521,-0.08157919986771366,1.518956846992932,0.11155132193695635,,False
2022-09-14,TYDE,Cryptyde Inc,핀테크,0.77,0.813,0.751,0.794,0.794,499200.0,-4.783340838197558,1.00562,,,,,0.05592857142857143,0.33971902937420206,-0.06939409182516522,0.17540706122796845,0.12785099081507753,,False
2022-09-15,TYDE,Cryptyde Inc,핀테크,0.9,0.92,0.79,0.816,0.816,5230600.0,0.06103157638972512,0.99774,,,,,0.06178571428571429,0.3560693641618482,-0.038397283477026034,0.9016481658688255,0.27313634894763866,,False
2022-09-16,TYDE,Cryptyde Inc,핀테크,0.804,0.818,0.733,0.74,0.74,1078500.0,-7.089159872710471,0.98594,,,,,0.0642857142857143,-1.1822222222222214,-0.10239038800609664,-0.8138493085850989,0.07143238838032644,,False
2022-09-19,TYDE,Cryptyde Inc,핀테크,0.739,0.759,0.66,0.67,0.67,951300.0,-15.016363965420654,0.9737399999999999,,,,,0.06778571428571428,-1.0326659641728129,-0.17687270368496982,-1.3765523613980368,-0.05835025769440495,,False
2022-09-20,TYDE,Cryptyde Inc,핀테크,0.68,0.72,0.67,0.7,0.7,620600.0,-8.997902903510846,0.96494,,,,,0.06528571428571428,0.45951859956236196,-0.08774203495541107,1.0326283822236104,0.020697977420897788,,False
2022-09-21,TYDE,Cryptyde Inc,핀테크,0.695,0.746,0.66,0.69,0.69,666200.0,-7.991158527429687,0.95774,,,,,0.06999999999999999,-0.142857142857143,-0.09716669336125197,0.6744083072722223,0.03406211399547048,,False
2022-09-22,TYDE,Cryptyde Inc,핀테크,0.691,0.718,0.655,0.693,0.693,564200.0,-6.00606288013239,0.9521000000000001,,,,,0.06928571428571427,0.043298969072164996,-0.07839992866487475,0.4477960578402886,0.09535846789242633,,False
2022-09-23,TYDE,Cryptyde Inc,핀테크,0.681,0.71,0.655,0.691,0.691,680100.0,-3.996786311288769,0.94762,,,,,0.06764285714285713,-0.029567053854276694,-0.08710164691499782,0.7918364309449393,0.09984078992021847,,False
2022-09-26,TYDE,Cryptyde Inc,핀테크,0.671,0.73,0.66,0.67,0.67,398100.0,-5.209411150964294,0.94254,,,,,0.07021428571428569,-0.29908443540182994,-0.11848486095243173,0.17876793759678206,0.08557715340178787,,False
2022-09-27,TYDE,Cryptyde Inc,핀테크,0.674,0.7,0.663,0.681,0.681,272900.0,-2.7344600639242156,0.93656,,,,,0.07007142857142853,0.15698267074413885,-0.09825264731496586,0.2528934657349198,0.18622879784268392,,False
2022-09-28,TYDE,Cryptyde Inc,핀테크,0.659,0.709,0.652,0.69,0.69,315400.0,-3.04342622924052,0.9269600000000001,,,,,0.06999999999999997,0.12857142857142717,-0.06506897384557819,-0.7361100419751423,0.1837124956845926,,False
2022-09-29,TYDE,Cryptyde Inc,핀테크,0.691,0.697,0.665,0.684,0.684,271800.0,-1.5265387880688541,0.91864,,,,,0.06914285714285709,-0.08677685950413078,-0.11151889328006015,0.8300959140761108,0.2630259277468568,,False
2022-09-30,TYDE,Cryptyde Inc,핀테크,0.685,0.71,0.673,0.693,0.693,371200.0,1.2974850221895373,0.9107,,,,,0.06535714285714281,0.13770491803278542,-0.13217063258433842,0.7594343710278709,0.33124008777487085,,False
2022-10-03,TYDE,Cryptyde Inc,핀테크,0.681,0.73,0.681,0.706,0.706,282600.0,0.7407405665184497,0.9044200000000001,,,,,0.06514285714285709,0.19956140350877227,-0.06798194964176527,-0.9218140505026273,0.15689930938233093,,False
2022-10-04,TYDE,Cryptyde Inc,핀테크,0.728,0.73,0.706,0.717,0.717,321200.0,-0.41940455105170527,0.8983599999999999,,,,,0.06242857142857138,0.17620137299771196,-0.079661782240086,-1.1122162885340816,0.06492621297075593,,False
2022-10-05,TYDE,Cryptyde Inc,핀테크,0.705,0.74,0.7,0.73,0.73,246100.0,1.652072974176888,0.89528,,,,,0.05599999999999995,0.23214285714285754,-0.08851367559858532,0.3188048768969604,0.023294549472765557,,False
2022-10-06,TYDE,Cryptyde Inc,핀테크,0.73,0.76,0.72,0.751,0.751,313300.0,5.329979836464505,0.8849000000000001,,,,,0.05278571428571425,0.3978349120433024,0.02434754827752353,0.8389125945277012,0.14134897112367986,,False
2022-10-07,TYDE,Cryptyde Inc,핀테크,0.759,0.759,0.71,0.728,0.728,276500.0,4.872848581387745,0.8724600000000001,,,,,0.049214285714285676,-0.4673439767779398,0.06472769023430018,0.6688232532200583,0.2874472293106866,,False
2022-10-10,TYDE,Cryptyde Inc,핀테크,0.71,0.75,0.679,0.736,0.736,389100.0,6.659236897884302,0.8649800000000001,,,,,0.05071428571428568,0.1577464788732397,0.04317253875650573,0.4551248639572829,0.24619697800594897,,False
2022-10-11,TYDE,Cryptyde Inc,핀테크,0.736,0.743,0.705,0.73,0.73,150300.0,6.307442184988177,0.85798,,,,,0.04728571428571426,-0.1268882175226588,0.04431317628039746,0.13932951270609198,0.20797706410836825,,False
2022-10-12,TYDE,Cryptyde Inc,핀테크,0.73,0.732,0.69,0.721,0.721,187200.0,5.333886372328767,0.8498,,,,,0.04578571428571426,-0.19656786271450885,0.027179831152777896,-0.062305949154498136,0.17154120646588344,,False
2022-10-13,TYDE,Cryptyde Inc,핀테크,0.686,0.745,0.686,0.74,0.74,185800.0,5.580999622666316,0.8426,,,,,0.04607142857142855,0.4124031007751944,0.058749127912025835,-0.5765904305637288,0.07379643064383574,,False
2022-10-14,TYDE,Cryptyde Inc,핀테크,0.73,0.76,0.721,0.752,0.752,331400.0,9.35452024707326,0.83544,,,,,0.04385714285714284,0.27361563517915344,0.0996562758106675,1.15703234347568,0.14367245963518557,,False
2022-10-17,TYDE,Cryptyde Inc,핀테크,0.75,0.785,0.731,0.781,0.781,337800.0,9.485317133992321,0.82966,,,,,0.04507142857142856,0.6434231378763874,0.13440202346297098,-0.31315153045089295,0.10324067419334182,,False
2022-10-18,TYDE,Cryptyde Inc,핀테크,0.79,0.8,0.711,0.732,0.732,530000.0,1.0598326348762122,0.8225,,,,,0.04735714285714286,-1.0346907993966825,0.051311864322391716,-1.461909023417801,0.051397889804580474,,False
2022-10-19,TYDE,Cryptyde Inc,핀테크,0.727,0.737,0.7,0.71,0.71,222900.0,-1.5738925902663459,0.8157,,,,,0.04771428571428572,-0.46107784431137755,0.02457607969330266,-0.19996313309309455,-0.022177756421791324,,False
2022-10-20,TYDE,Cryptyde Inc,핀테크,0.709,0.715,0.685,0.705,0.705,176600.0,-1.6829809539478768,0.8076000000000001,,,,,0.04721428571428572,-0.10590015128593049,0.0071757175991086644,0.2049957863402056,-0.06178051247091027,,False
2022-10-21,TYDE,Cryptyde Inc,핀테크,0.706,0.706,0.66,0.679,0.679,356700.0,-7.357332054889731,0.79878,,,,,0.04700000000000001,-0.5531914893617002,-0.04659234617735365,-1.4750766440223795,-0.10129926915089257,,False
2022-10-24,TYDE,Cryptyde Inc,핀테크,0.675,0.675,0.611,0.635,0.635,316700.0,-14.023971797393742,0.78768,,,,,0.050142857142857156,-0.8774928774928781,-0.1218562212123958,-1.3665917163061585,-0.11946894256318377,,False
2022-10-25,TYDE,Cryptyde Inc,핀테크,0.631,0.67,0.63,0.656,0.656,428400.0,-12.224911551516405,0.7792,,,,,0.050142857142857156,0.4188034188034191,-0.10852332395092712,-0.26883452843866995,-0.1614431858014431,,False
2022-10-26,TYDE,Cryptyde Inc,핀테크,0.64,0.675,0.622,0.625,0.625,366400.0,-15.260953835105662,0.7693000000000001,,,,,0.05107142857142859,-0.6069930069930074,-0.18029674673923496,-0.29046125475956974,-0.2421127464648196,,False
2022-10-27,TYDE,Cryptyde Inc,핀테크,0.634,0.64,0.561,0.577,0.577,629600.0,-20.54037036430826,0.7590399999999999,,,,,0.05321428571428572,-0.9020134228187926,-0.2113445643135816,-0.6286646210372265,-0.33479045176891137,,False
2022-10-28,TYDE,Cryptyde Inc,핀테크,0.571,0.58,0.52,0.571,0.571,609100.0,-22.301210841048892,0.7482599999999999,,,,,0.052428571428571435,-0.11444141689373305,-0.23078655686836536,-1.1838894409134295,-0.4518629021168194,,False
2022-10-31,TYDE,Cryptyde Inc,핀테크,0.558,0.56,0.522,0.543,0.543,213300.0,-24.520814097524692,0.73872,,,,,0.053214285714285714,-0.5261744966442937,-0.2593070053770536,-0.18493620742681416,-0.4750247392691698,,False
2022-11-01,TYDE,Cryptyde Inc,핀테크,0.56,0.562,0.53,0.546,0.546,355200.0,-22.803601882949653,0.7302000000000001,,,,,0.0525,0.0571428571428572,-0.24118481110152742,0.23839347111634804,-0.45354620924982364,,False
2022-11-02,TYDE,Cryptyde Inc,핀테크,0.55,0.55,0.521,0.521,0.521,262000.0,-23.31253349278165,0.7229199999999999,,,,,0.050357142857142864,-0.49645390070922024,-0.3061031683504142,0.6586429214010961,-0.3653152555380505,,False
2022-11-03,TYDE,Cryptyde Inc,핀테크,0.536,0.54,0.456,0.467,0.467,655200.0,-29.052798452170304,0.7142000000000001,,,,,0.05357142857142857,-1.008,-0.3976471422917823,-0.5004064367814745,-0.48370373984213283,,False
2022-11-04,TYDE,Cryptyde Inc,핀테크,0.467,0.478,0.451,0.46,0.46,237700.0,-29.500973593514622,0.7055,,,,,0.05164285714285714,-0.13554633471645933,-0.4532878189055571,-0.7931226990551727,-0.5179873947424386,,False
2022-11-07,TYDE,Cryptyde Inc,핀테크,0.46,0.498,0.414,0.448,0.448,357500.0,-30.25976406946034,0.69714,,,,,0.05128571428571428,-0.2339832869080782,-0.39609442515637105,-0.7205698079647911,-0.4650345936386522,,False
2022-11-08,TYDE,Cryptyde Inc,핀테크,0.435,0.47,0.43,0.438,0.438,207100.0,-30.359720076326337,0.68856,,,,,0.05149999999999999,-0.19417475728155362,-0.377029918939955,-0.47722255749148823,-0.48483883823853746,,False
2022-11-09,TYDE,Cryptyde Inc,핀테크,0.43,0.431,0.37,0.384,0.384,385900.0,-35.71062947093494,0.68048,,,,,0.05421428571428571,-0.9960474308300395,-0.44061186747882,0.05610938839748281,-0.4954735809487319,,False
2022-11-10,TYDE,Cryptyde Inc,핀테크,0.386,0.43,0.385,0.427,0.427,281000.0,-30.21419150622475,0.67328,,,,,0.054214285714285715,0.7931488801054015,-0.34444469823116985,-1.7198739979572801,-0.5129591062297962,,False
2022-11-11,TYDE,Cryptyde Inc,핀테크,0.419,0.46,0.411,0.453,0.453,238700.0,-24.282365616041712,0.667,,,,,0.05285714285714286,0.4918918918918923,-0.24663150041797197,0.04495808624162656,-0.41213412033352587,,False
2022-11-14,TYDE,Cryptyde Inc,핀테크,0.456,0.46,0.425,0.444,0.444,167900.0,-22.52849547888447,0.66038,,,,,0.0525,-0.1714285714285716,-0.28879092829168557,0.26973363517318466,-0.37366496578982206,,False
2022-11-15,TYDE,Cryptyde Inc,핀테크,0.45,0.472,0.438,0.45,0.45,190700.0,-19.83380660806916,0.6536799999999999,,,,,0.05114285714285714,0.11731843575419004,-0.23705439666688574,-0.30395070571280053,-0.37462849800076714,,False
2022-11-16,TYDE,Cryptyde Inc,핀테크,0.45,0.45,0.421,0.43,0.43,124200.0,-20.395281445267077,0.6467399999999999,,,,,0.04757142857142856,-0.4204204204204209,-0.2026548964955735,-0.011264946442002155,-0.33052852124396537,,False
2022-11-17,TYDE,Cryptyde Inc,핀테크,0.429,0.44,0.405,0.412,0.412,154800.0,-20.944105207305984,0.63986,,,,,0.045785714285714284,-0.39313572542901754,-0.22256163281952238,-0.23477933068735762,-0.26273494194210306,,False
2022-11-18,TYDE,Cryptyde Inc,핀테크,0.43,0.43,0.4,0.403,0.403,129500.0,-20.65475866509061,0.63216,,,,,0.044428571428571435,-0.20257234726687992,-0.19944719357827853,-0.44439160284845824,-0.28126747018650616,,False
2022-11-21,TYDE,Cryptyde Inc,핀테크,0.41,0.41,0.37,0.375,0.375,221000.0,-23.72754641301553,0.6234000000000001,,,,,0.045,-0.6222222222222228,-0.24797327067578426,-0.4171349904898036,-0.32809093172980275,,False
2022-11-22,TYDE,Cryptyde Inc,핀테크,0.38,0.38,0.351,0.375,0.375,554900.0,-22.36945985689076,0.6154000000000001,,,,,0.045,0.0,-0.21251227776798282,-0.7730320192552731,-0.430353427490972,,False
2022-11-23,TYDE,Cryptyde Inc,핀테크,0.369,0.369,0.35,0.356,0.356,278100.0,-24.393677993339825,0.6066400000000001,,,,,0.04078571428571429,-0.46584938704028056,-0.1737872339851457,-0.816652046718725,-0.452942399629347,,False
2022-11-25,TYDE,Cryptyde Inc,핀테크,0.355,0.356,0.33,0.334,0.334,201600.0,-26.90165693910066,0.597,,,,,0.04071428571428572,-0.5403508771929816,-0.20270184416204015,-0.5220244135600255,-0.43357823637969367,,False
2022-11-28,TYDE,Cryptyde Inc,핀테크,0.333,0.34,0.3,0.303,0.303,532900.0,-30.50486977422584,0.58826,,,,,0.037571428571428575,-0.8250950570342211,-0.24492411345676462,0.15094720185668298,-0.3713270213924455,,False
2022-11-29,TYDE,Cryptyde Inc,핀테크,0.309,0.309,0.281,0.29,0.29,553800.0,-31.288925682434375,0.58066,,,,,0.03671428571428571,-0.3540856031128408,-0.256346316730428,-0.25111112775615074,-0.35517620498277847,,False
2022-11-30,TYDE,Cryptyde Inc,핀테크,0.3,0.3,0.285,0.295,0.295,237400.0,-29.925910823120894,0.57256,,,,,0.03292857142857143,0.15184381778741876,-0.17435408468632385,-1.7210851096584805,-0.482118669129633,,False
2022-12-01,TYDE,Cryptyde Inc,핀테크,0.3,0.305,0.291,0.299,0.299,237200.0,-26.593729288881384,0.56474,,,,,0.030642857142857145,0.13053613053613064,-0.22168356679841464,0.1961436173873023,-0.34526026803359144,,False
2022-12-02,TYDE,Cryptyde Inc,핀테크,0.299,0.3,0.29,0.3,0.3,237500.0,-24.295417970705724,0.55688,,,,,0.027857142857142858,0.03589743589743593,-0.2542545993694472,0.12649221271263156,-0.3394364018570911,,False
2022-12-05,TYDE,Cryptyde Inc,핀테크,0.3,0.3,0.288,0.29,0.29,137300.0,-23.54207658203993,0.54886,,,,,0.026214285714285714,-0.3814713896457769,-0.26925765781353334,0.9142428698702922,-0.2934000279501548,,False
2022-12-06,TYDE,Cryptyde Inc,핀테크,0.289,0.289,0.251,0.265,0.265,405500.0,-27.175969809252788,0.54076,,,,,0.026571428571428572,-0.9408602150537622,-0.3448418471569585,0.07352420004432081,-0.266437534681789,,False
2022-12-07,TYDE,Cryptyde Inc,핀테크,0.278,0.278,0.251,0.258,0.258,244500.0,-27.037819579041823,0.5323,,,,,0.02642857142857143,-0.2648648648648651,-0.33373073604584735,-0.13514698421442373,-0.2752862516655334,,False
2022-12-08,TYDE,Cryptyde Inc,핀테크,0.258,0.27,0.25,0.257,0.257,402200.0,-26.32233539926362,0.52364,,,,,0.02535714285714286,-0.03943661971830989,-0.3084665142093682,-0.570397672707868,-0.2992589903812842,,False
2022-12-09,TYDE,Cryptyde Inc,핀테크,0.256,0.27,0.251,0.266,0.266,143000.0,-21.376610168001918,0.51528,,,,,0.024571428571428577,0.3662790697674421,-0.26783427013548805,0.8889396984054274,-0.20402104029172088,,False
2022-12-12,TYDE,Cryptyde Inc,핀테크,0.27,0.303,0.266,0.282,0.282,451000.0,-15.724331467096619,0.50706,,,,,0.024357142857142862,0.6568914956011712,-0.1764690045766742,-0.3206281982760929,-0.19712769799074156,,False
2022-12-13,TYDE,Cryptyde Inc,핀테크,0.28,0.295,0.265,0.27,0.27,228500.0,-17.684264893097147,0.49833999999999995,,,,,0.02442857142857143,-0.4912280701754367,-0.2115567238749197,-0.9652961374631247,-0.2108608492913024,,False
2022-12-14,TYDE,Cryptyde Inc,핀테크,0.262,0.28,0.25,0.272,0.272,334600.0,-14.222580399193275,0.48944000000000004,,,,,0.02478571428571429,0.08069164265129689,-0.1725180788969499,0.45415124313284694,-0.1200891857304758,,False
2022-12-15,TYDE,Cryptyde Inc,핀테크,0.264,0.294,0.256,0.261,0.261,1015900.0,-13.314805879943425,0.48006,,,,,0.025642857142857144,-0.4289693593314767,-0.16456225619255668,0.9448569981098791,-0.015311942039768338,,False
2022-12-16,TYDE,Cryptyde Inc,핀테크,0.26,0.3,0.251,0.3,0.3,785800.0,2.5193378974092795,0.47104000000000007,,,,,0.026285714285714284,1.4836956521739124,0.0003513658937385676,2.0838559647093575,0.12275296959256554,,False
2022-12-19,TYDE,Cryptyde Inc,핀테크,0.291,0.291,0.266,0.288,0.288,368100.0,1.0553577387441893,0.46224000000000004,,,,,0.026714285714285715,-0.44919786096256725,-0.0064423668098133125,0.023437093776175977,0.14236355684487462,,False
2022-12-20,TYDE,Cryptyde Inc,핀테크,0.269,0.288,0.261,0.288,0.288,394300.0,2.291955186430261,0.45327999999999996,2.401333333333333,,,,0.02757142857142857,0.0,-0.01728835379462894,-0.05968336123733891,0.2610351103035276,,False
2022-12-21,TYDE,Cryptyde Inc,핀테크,0.266,0.28,0.261,0.267,0.267,220100.0,-4.954869015125363,0.44402,2.301753333333333,,-0.04979,,0.028499999999999994,-0.7368421052631567,-0.07924394206600661,-1.5763869328489006,0.1344257852866559,,False
2022-12-22,TYDE,Cryptyde Inc,핀테크,0.269,0.278,0.238,0.243,0.243,397800.0,-10.699493778295189,0.43445999999999996,2.2117066666666663,,-0.045023333333333415,,0.03064285714285714,-0.783216783216784,-0.13775210057416518,-0.0044428533936125,0.12507328056478134,,False
2022-12-23,TYDE,Cryptyde Inc,핀테크,0.258,0.269,0.235,0.236,0.236,129100.0,-12.451131132078086,0.42438000000000003,2.1216133333333334,,-0.04504666666666646,,0.03221428571428571,-0.21729490022172973,-0.12602520847244753,-0.5412998025895848,0.021105946817647277,,False
2022-12-27,TYDE,Cryptyde Inc,핀테크,0.207,0.24,0.207,0.221,0.221,285400.0,-16.568159732328404,0.41376000000000007,2.03142,,-0.045096666666666785,,0.031785714285714285,-0.4719101123595501,-0.09252877256571809,-0.23484551787301597,-0.000920461605019635,,False
2022-12-28,TYDE,Cryptyde Inc,핀테크,0.222,0.225,0.173,0.192,0.192,606600.0,-25.420029989052896,0.40198,1.9410333333333332,,-0.04519333333333331,,0.03357142857142857,-0.8638297872340425,-0.13531198130637362,-0.18702433865639145,-0.004625986922303044,,False
2022-12-29,TYDE,Cryptyde Inc,핀테크,0.178,0.2,0.176,0.192,0.192,871000.0,-25.4720665006808,0.39118,1.8506466666666666,,-0.04519333333333331,,0.033857142857142856,0.0,-0.13249507989792292,-0.9371644343438364,-0.030823612753443648,,False
2022-12-30,TYDE,Cryptyde Inc,핀테크,0.186,0.198,0.186,0.192,0.192,430800.0,-23.95629521369952,0.38082,1.76026,,-0.04519333333333331,,0.033357142857142856,0.0,-0.15865787059559736,0.13805103625607948,-0.0844585171926828,,False
2023-01-03,TYDE,Cryptyde Inc,핀테크,0.189,0.2,0.185,0.193,0.193,350500.0,-21.87446297169219,0.37058,1.66988,,-0.04518999999999995,,0.031785714285714285,0.0314606741573034,-0.2033315006987308,0.2423663413397431,-0.044244621505837356,,False
2023-01-04,TYDE,Cryptyde Inc,핀테크,0.23,0.57,0.212,0.35,0.35,70132300.0,38.65249249574927,0.364,1.61488,,-0.02749999999999997,,0.05657142857142857,2.7752525252525246,0.029988541831837905,2.3576846024120326,0.19311114562810244,,False
2023-01-05,TYDE,Cryptyde Inc,핀테크,0.29,0.319,0.269,0.294,0.294,4954700.0,16.95085802908729,0.35718000000000005,1.56044,,-0.027220000000000022,,0.06021428571428571,-0.9300118623962039,-0.04220456567155502,-0.2538532872638257,0.14253939345691158,,False
2023-01-06,TYDE,Cryptyde Inc,핀테크,0.303,0.43,0.261,0.324,0.324,9858300.0,24.34904292016189,0.35053999999999996,1.51,,-0.02522000000000002,,0.06957142857142856,0.4312114989733064,0.01923692420735806,-0.9050924802406588,0.01040014500330171,,False
2023-01-09,TYDE,Cryptyde Inc,핀테크,0.345,0.39,0.29,0.323,0.323,3607900.0,22.40021391831728,0.3445,1.4582866666666667,,-0.02585666666666664,,0.0732142857142857,-0.013658536585365868,-0.08771694641830467,0.03266867618479988,-0.1361132327484524,,False
2023-01-10,TYDE,Cryptyde Inc,핀테크,0.33,0.34,0.311,0.321,0.321,1586200.0,19.539249449028297,0.33938,1.40636,,-0.025963333333333338,,0.07285714285714286,-0.027450980392156887,-0.057592169234703935,-0.4540674141648294,-0.17022069760138137,,False
2023-01-11,TYDE,Cryptyde Inc,핀테크,0.321,0.34,0.285,0.3,0.3,1825600.0,9.9080086780037,0.33396000000000003,1.3542933333333333,,-0.026033333333333353,,0.07485714285714286,-0.28053435114503844,-0.07763033717363525,-1.0643581849025545,-0.24198318500603963,-0.1596372093966532,False
2023-01-12,TYDE,Cryptyde Inc,핀테크,0.309,0.34,0.29,0.306,0.306,4494600.0,10.945760104116363,0.32921999999999996,1.3022666666666667,,-0.026013333333333333,,0.07650000000000001,0.07843137254901966,-0.019396517329908363,-0.13451264806765376,-0.13899216466452197,-0.16405985489175587,False
2023-01-13,TYDE,Cryptyde Inc,핀테크,0.3,0.31,0.28,0.296,0.296,4988900.0,6.436536667484982,0.32421999999999995,1.2462399999999998,,-0.028013333333333446,,0.0757857142857143,-0.13195098963242233,0.027122467926117468,-0.3992537313686384,-0.1671929416627381,-0.1821071727222954,False
2023-01-17,TYDE,Cryptyde Inc,핀테크,0.297,0.314,0.287,0.3,0.3,3223900.0,7.462810696472366,0.3198,1.19024,,-0.027999999999999914,,0.0752857142857143,0.05313092979127138,0.04643859864133183,0.1924723441450328,-0.11478064546740828,-0.18987625619895124,False
2023-01-18,TYDE,Cryptyde Inc,핀테크,0.294,0.3,0.26,0.266,0.266,2904200.0,-2.5012180191450906,0.31578,1.14068,,-0.024780000000000024,,0.07578571428571428,-0.44863336475023535,0.0481012234705686,0.5508477749640723,-0.058659695979044836,-0.18541848096815622,False
2023-01-19,TYDE,Cryptyde Inc,핀테크,0.274,0.277,0.252,0.26,0.26,1666500.0,-3.3578506590824397,0.31178,1.09108,,-0.024799999999999933,,0.07385714285714286,-0.08123791102514515,0.10400064319977555,0.41551695196159605,-0.015621032363474298,-0.18369167361033992,False
2023-01-20,TYDE,Cryptyde Inc,핀테크,0.27,0.295,0.26,0.28,0.28,4638000.0,2.5060892527066114,0.30841999999999997,1.0416133333333335,,-0.024733333333333274,,0.07464285714285715,0.26794258373205765,0.12313939918063684,-0.9528173687526951,-0.0167390991069642,-0.1861506132140557,False
2023-01-23,TYDE,Cryptyde Inc,핀테크,0.28,0.317,0.258,0.279,0.279,17485500.0,0.8992924653049572,0.30524,0.99214,,-0.02473666666666674,,0.07799999999999999,-0.012820512820512834,0.12222364826488588,-0.7770776001588212,-0.08210543027945712,-0.19978361418606783,False
2023-01-24,TYDE,Cryptyde Inc,핀테크,0.265,0.27,0.25,0.257,0.257,8428700.0,-7.018194314324589,0.30269999999999997,0.9483200000000002,,-0.02190999999999993,,0.079,-0.2784810126582281,0.10008495634949079,-0.22932798632412982,-0.11579788225544803,-0.19234938256835327,False
2023-01-25,TYDE,Cryptyde Inc,핀테크,0.257,0.26,0.23,0.241,0.241,5362900.0,-12.7038988475491,0.29898,0.9043933333333333,,-0.021963333333333446,,0.054214285714285715,-0.29512516469038236,-0.11922773578928827,-0.2827784776404107,-0.3044023879734797,-0.18811619334675864,False
2023-01-26,TYDE,Cryptyde Inc,핀테크,0.291,0.35,0.212,0.228,0.228,112925900.0,-18.219111023671854,0.29448,0.8603800000000001,,-0.022006666666666563,,0.058285714285714295,-0.2230392156862742,-0.06872968959572187,-0.9728510390288584,-0.3557593702424106,-0.1949372736595077,False
2023-01-27,TYDE,Cryptyde Inc,핀테크,0.219,0.22,0.199,0.207,0.207,22477600.0,-25.94186804793668,0.28974,0.8162266666666667,,-0.022076666666666744,,0.0482857142857143,-0.4349112426035506,-0.13059559970835452,-0.6184090684662227,-0.3352819836870937,-0.19652485401382766,False
2023-01-30,TYDE,Cryptyde Inc,핀테크,0.205,0.214,0.191,0.203,0.203,11174700.0,-26.453286195318494,0.28479999999999994,0.7720466666666667,,-0.02209,,0.04278571428571428,-0.09348914858096773,-0.13629778627946892,0.8691554843829736,-0.2755329259586528,-0.18276461846778821,False
2023-01-31,TYDE,Cryptyde Inc,핀테크,0.2,0.222,0.198,0.216,0.216,7558400.0,-23.03958474098584,0.28052,0.7321866666666667,,-0.019930000000000003,,0.042428571428571434,0.306397306397306,-0.11245148008022159,-0.7433503490008113,-0.29619599273265146,-0.17343231642778092,False
2023-02-01,TYDE,Cryptyde Inc,핀테크,0.216,0.216,0.201,0.208,0.208,4847600.0,-26.657976655469295,0.27644,0.6925733333333333,,-0.019806666666666695,,0.03957142857142857,-0.20216606498194964,-0.10685374535428668,-0.9076943088364414,-0.2850057158707862,-0.18377645062801032,False
2023-02-02,TYDE,Cryptyde Inc,핀테크,0.205,0.224,0.202,0.217,0.217,8448800.0,-22.399473033095575,0.27271999999999996,0.6520199999999999,,-0.020276666666666665,,0.037571428571428575,0.23954372623574163,-0.0953457200909494,-0.7443776513379305,-0.3285675018186631,-0.19222956709381162,False
2023-02-03,TYDE,Cryptyde Inc,핀테크,0.217,0.22,0.201,0.204,0.204,7332200.0,-24.7160609501229,0.2693,0.6398466666666667,,-0.006086666666666629,,0.036785714285714276,-0.3533980582524276,-0.11116336784952119,0.3476758674208384,-0.27521538761941483,-0.14271500230730336,False
2023-02-06,TYDE,Cryptyde Inc,핀테크,0.21,0.217,0.203,0.208,0.208,4951900.0,-20.795656619517434,0.26596,0.6319666666666667,,-0.003939999999999999,,0.03585714285714285,0.11155378486055789,-0.10699030677314358,0.5172335623211155,-0.2520181577496946,-0.12957080858532638,False
2023-02-07,TYDE,Cryptyde Inc,핀테크,0.208,0.21,0.198,0.202,0.202,4438700.0,-21.951690108588807,0.26288,0.6250466666666668,,-0.003459999999999963,,0.03385714285714285,-0.1772151898734171,-0.08760329428194227,-1.0218774364270988,-0.36435567284906395,-0.13417501110012348,False
2023-02-08,TYDE,Cryptyde Inc,핀테크,0.205,0.208,0.194,0.194,0.194,3576300.0,-22.02035510254744,0.26008000000000003,0.6182733333333333,,-0.0033866666666667045,,0.033071428571428564,-0.2419006479481644,-0.09907920406215795,0.48706051137623646,-0.3592454186051611,-0.12954939989356626,False
2023-02-09,TYDE,Cryptyde Inc,핀테크,0.221,0.23,0.192,0.195,0.195,32450800.0,-19.058041642974956,0.25792,0.6107066666666666,,-0.0037833333333333607,,0.03328571428571428,0.030042918454935653,-0.11607203729623808,0.5971527127675303,-0.24853326992514502,-0.12218845944919074,False
2023-02-10,TYDE,Cryptyde Inc,핀테크,0.19,0.19,0.175,0.179,0.179,7767100.0,-23.725963661312278,0.2557,0.6033666666666666,,-0.0036700000000000066,,0.030499999999999996,-0.5245901639344268,-0.15262701237580337,-0.6698587030713795,-0.240874777276042,-0.12643004584056453,False
2023-02-13,TYDE,Cryptyde Inc,핀테크,0.181,0.207,0.18,0.19,0.19,6193200.0,-17.946210874708225,0.25360000000000005,0.5970333333333333,,-0.003166666666666651,,0.030428571428571423,0.36150234741784076,-0.10691391522751273,-0.3853798781696514,-0.2520213409792936,-0.1313044649790544,False
2023-02-14,TYDE,Cryptyde Inc,핀테크,0.186,0.198,0.185,0.19,0.19,2364000.0,-15.722205349110796,0.25142,0.5913,,-0.0028666666666666285,,0.02921428571428571,0.0,-0.08583354632105686,0.018624637091024732,-0.23049254706990532,-0.13338653646423226,False
2023-02-15,TYDE,Cryptyde Inc,핀테크,0.188,0.192,0.187,0.192,0.192,4338900.0,-13.368984293266529,0.24926,0.58608,,-0.002610000000000001,,0.01971428571428571,0.10144927536231896,-0.06265579696044306,-0.0835690243247213,-0.16697240316246695,-0.13464896747838526,False
2023-02-16,TYDE,Cryptyde Inc,핀테크,0.189,0.192,0.178,0.184,0.184,4892700.0,-14.072864129201712,0.24714,0.5812066666666666,,-0.002436666666666698,,0.018642857142857138,-0.42911877394636067,-0.0622420491992152,0.4801769180944735,-0.08850197555098867,-0.13179070584135752,False
2023-02-17,TYDE,Cryptyde Inc,핀테크,0.184,0.185,0.171,0.173,0.173,4880500.0,-16.753709605552814,0.24530000000000002,0.5761999999999999,,-0.0025033333333333574,,0.017999999999999995,-0.6111111111111118,-0.09921504652279692,-0.428529195725009,-0.18119373841584455,-0.12776911189844564,False
2023-02-21,TYDE,Cryptyde Inc,핀테크,0.18,0.18,0.16,0.166,0.166,4268900.0,-16.195533858075038,0.24346,0.5707733333333334,,-0.00271333333333329,,0.01771428571428571,-0.3951612903225795,-0.1493263748599316,0.8872049831526602,-0.06472550040488231,-0.12551071379677348,False
2023-02-22,TYDE,Cryptyde Inc,핀테크,0.16,0.186,0.155,0.181,0.181,5383600.0,-6.725694544620686,0.24194,0.56418,,-0.00329666666666667,,0.018857142857142854,0.7954545454545449,-0.07806775982875343,0.902687131267005,0.06458745960250671,-0.11197137714311796,False
2023-02-23,TYDE,Cryptyde Inc,핀테크,0.18,0.184,0.17,0.181,0.181,2490500.0,-5.776857911025268,0.24024,0.5580533333333333,,-0.0030633333333333623,,0.018285714285714284,0.0,-0.09517802598844925,-0.37033163243923223,0.09130503238098517,-0.11144665165342825,False
2023-02-24,TYDE,Cryptyde Inc,핀테크,0.177,0.181,0.164,0.169,0.169,2243200.0,-9.807367798925382,0.23798000000000002,0.5519133333333334,,-0.0030699999999999616,,0.018142857142857138,-0.6614173228346449,-0.1171794020300362,0.06546221890834847,0.07114691463009302,-0.10710854216143668,False
2023-02-27,TYDE,Cryptyde Inc,핀테크,0.164,0.173,0.164,0.172,0.172,1272200.0,-7.738735846943568,0.23602,0.54626,,-0.0028266666666666995,,0.017785714285714283,0.16867469879517932,-0.11309933674899182,-0.03981019362392091,0.03135807491973328,-0.10841437968097445,False
2023-02-28,TYDE,Cryptyde Inc,핀테크,0.173,0.18,0.167,0.171,0.171,1092300.0,-7.2574613176866976,0.234,0.5406,,-0.002829999999999999,,0.017857142857142853,-0.05599999999999851,-0.10444110890089049,0.16682631741642262,0.11626548590855625,-0.10678774088674689,False
2023-03-01,TYDE,Cryptyde Inc,핀테크,0.178,0.179,0.17,0.176,0.176,1697600.0,-3.2126119206869364,0.23229999999999998,0.53588,,-0.0023599999999999732,,0.017499999999999995,0.2857142857142845,-0.06675432792500127,0.6406523449038013,0.12723633116052516,-0.10109935978671504,False
2023-03-02,TYDE,Cryptyde Inc,핀테크,0.173,0.186,0.173,0.18,0.18,1706300.0,-1.190488070717377,0.22990000000000002,0.5286133333333334,,-0.0036333333333333218,,0.015714285714285712,0.2545454545454548,-0.0507184324899642,-0.3312026983076452,0.0609252303694412,-0.10768881242184174,False
2023-03-03,TYDE,Cryptyde Inc,핀테크,0.18,0.181,0.173,0.18,0.18,1277400.0,-1.9653031824367728,0.22774,0.5208133333333334,,-0.0039000000000000146,,0.014857142857142852,0.0,-0.013247706494648,-1.2009561683612422,0.022989697134451,-0.11394671977837804,False
2023-03-06,TYDE,Cryptyde Inc,핀테크,0.175,0.18,0.173,0.176,0.176,1328400.0,-3.5889964435134147,0.2255,0.5145866666666666,1.8573750000000002,-0.003113333333333357,,0.013357142857142854,-0.2994652406417116,-0.0604596770703303,-0.3524260724886569,0.025343540397379186,-0.10353334509569262,False
2023-03-07,TYDE,Cryptyde Inc,핀테크,0.177,0.179,0.156,0.17,0.17,2391700.0,-4.585136203830564,0.22356,0.50852,1.7822049999999998,-0.0030333333333333323,-0.0375850000000002,0.014071428571428566,-0.426395939086293,-0.09091652986220837,0.7478044087024844,0.07742780979819773,-0.09866231082884545,False
2023-03-08,TYDE,Cryptyde Inc,핀테크,0.168,0.168,0.16,0.161,0.161,1824700.0,-8.930753167121841,0.22192,0.50206,1.71426,-0.0032300000000000106,-0.03397249999999996,0.014428571428571424,-0.6237623762376245,-0.1427173621193472,-0.7324696838352607,0.031077762690302064,-0.10758853054833044,False
2023-03-09,TYDE,Cryptyde Inc,핀테크,0.167,0.167,0.154,0.158,0.158,1927100.0,-8.243657137088567,0.22035999999999997,0.49578000000000005,1.6462999999999999,-0.0031399999999999484,-0.03398000000000001,0.014357142857142851,-0.20895522388059729,-0.12699139425750697,1.1182101684238313,0.07665156628525618,-0.09331091198921423,False
2023-03-10,TYDE,Cryptyde Inc,핀테크,0.154,0.158,0.141,0.145,0.145,2315500.0,-13.550222491064112,0.21884,0.48934666666666665,1.5782749999999999,-0.003216666666666701,-0.0340125,0.014571428571428569,-0.892156862745099,-0.1470660908027918,0.07333028083817827,0.11249867175405528,-0.09342978459942743,False
2023-03-13,TYDE,Cryptyde Inc,핀테크,0.15,0.15,0.14,0.147,0.147,1838300.0,-11.652145026738536,0.21793999999999997,0.4831933333333333,1.5102600000000002,-0.003076666666666672,-0.03400749999999986,0.013857142857142854,0.14432989690721665,-0.10853100600066345,0.2420913983221133,0.06641912998044479,-0.09130564021082957,False
2023-03-14,TYDE,Cryptyde Inc,핀테크,0.147,0.16,0.138,0.14,0.14,1879400.0,-16.23278417630164,0.2169,0.47685999999999995,1.44221,-0.0031666666666666787,-0.03402500000000008,0.01321428571428571,-0.5297297297297283,-0.20318702565668298,-1.5450962357162203,-0.1084225390897856,-0.10278278686171895,False
2023-03-15,TYDE,Cryptyde Inc,핀테크,0.1361,0.14,0.1212,0.1251,0.1251,2121596.0,-22.800092528244733,0.215562,0.470694,1.3740854999999998,-0.0030829999999999746,-0.03406225000000007,0.013557142857142854,-1.0990516332982108,-0.2816907137494123,-0.19627612202833233,-0.09599000263186418,-0.1047435883793668,False
